file_name,label
test_2022_eece454_000000.jpg,5
test_2022_eece454_000001.jpg,4
test_2022_eece454_000002.jpg,10
test_2022_eece454_000003.jpg,13
test_2022_eece454_000004.jpg,10
test_2022_eece454_000005.jpg,10
test_2022_eece454_000006.jpg,12
test_2022_eece454_000007.jpg,2
test_2022_eece454_000008.jpg,2
test_2022_eece454_000009.jpg,13
test_2022_eece454_000010.jpg,1
test_2022_eece454_000011.jpg,5
test_2022_eece454_000012.jpg,11
test_2022_eece454_000013.jpg,9
test_2022_eece454_000014.jpg,7
test_2022_eece454_000015.jpg,11
test_2022_eece454_000016.jpg,9
test_2022_eece454_000017.jpg,11
test_2022_eece454_000018.jpg,3
test_2022_eece454_000019.jpg,5
test_2022_eece454_000020.jpg,8
test_2022_eece454_000021.jpg,2
test_2022_eece454_000022.jpg,3
test_2022_eece454_000023.jpg,10
test_2022_eece454_000024.jpg,10
test_2022_eece454_000025.jpg,4
test_2022_eece454_000026.jpg,9
test_2022_eece454_000027.jpg,8
test_2022_eece454_000028.jpg,13
test_2022_eece454_000029.jpg,4
test_2022_eece454_000030.jpg,6
test_2022_eece454_000031.jpg,1
test_2022_eece454_000032.jpg,0
test_2022_eece454_000033.jpg,11
test_2022_eece454_000034.jpg,11
test_2022_eece454_000035.jpg,12
test_2022_eece454_000036.jpg,4
test_2022_eece454_000037.jpg,5
test_2022_eece454_000038.jpg,1
test_2022_eece454_000039.jpg,12
test_2022_eece454_000040.jpg,11
test_2022_eece454_000041.jpg,9
test_2022_eece454_000042.jpg,4
test_2022_eece454_000043.jpg,12
test_2022_eece454_000044.jpg,7
test_2022_eece454_000045.jpg,14
test_2022_eece454_000046.jpg,10
test_2022_eece454_000047.jpg,9
test_2022_eece454_000048.jpg,5
test_2022_eece454_000049.jpg,9
test_2022_eece454_000050.jpg,8
test_2022_eece454_000051.jpg,10
test_2022_eece454_000052.jpg,9
test_2022_eece454_000053.jpg,0
test_2022_eece454_000054.jpg,14
test_2022_eece454_000055.jpg,0
test_2022_eece454_000056.jpg,12
test_2022_eece454_000057.jpg,0
test_2022_eece454_000058.jpg,11
test_2022_eece454_000059.jpg,13
test_2022_eece454_000060.jpg,6
test_2022_eece454_000061.jpg,7
test_2022_eece454_000062.jpg,14
test_2022_eece454_000063.jpg,1
test_2022_eece454_000064.jpg,6
test_2022_eece454_000065.jpg,5
test_2022_eece454_000066.jpg,12
test_2022_eece454_000067.jpg,12
test_2022_eece454_000068.jpg,6
test_2022_eece454_000069.jpg,1
test_2022_eece454_000070.jpg,9
test_2022_eece454_000071.jpg,14
test_2022_eece454_000072.jpg,3
test_2022_eece454_000073.jpg,14
test_2022_eece454_000074.jpg,14
test_2022_eece454_000075.jpg,4
test_2022_eece454_000076.jpg,5
test_2022_eece454_000077.jpg,13
test_2022_eece454_000078.jpg,1
test_2022_eece454_000079.jpg,14
test_2022_eece454_000080.jpg,1
test_2022_eece454_000081.jpg,6
test_2022_eece454_000082.jpg,5
test_2022_eece454_000083.jpg,12
test_2022_eece454_000084.jpg,12
test_2022_eece454_000085.jpg,12
test_2022_eece454_000086.jpg,7
test_2022_eece454_000087.jpg,11
test_2022_eece454_000088.jpg,9
test_2022_eece454_000089.jpg,7
test_2022_eece454_000090.jpg,12
test_2022_eece454_000091.jpg,12
test_2022_eece454_000092.jpg,14
test_2022_eece454_000093.jpg,14
test_2022_eece454_000094.jpg,10
test_2022_eece454_000095.jpg,1
test_2022_eece454_000096.jpg,3
test_2022_eece454_000097.jpg,0
test_2022_eece454_000098.jpg,0
test_2022_eece454_000099.jpg,2
test_2022_eece454_000100.jpg,7
test_2022_eece454_000101.jpg,14
test_2022_eece454_000102.jpg,14
test_2022_eece454_000103.jpg,3
test_2022_eece454_000104.jpg,4
test_2022_eece454_000105.jpg,1
test_2022_eece454_000106.jpg,1
test_2022_eece454_000107.jpg,6
test_2022_eece454_000108.jpg,10
test_2022_eece454_000109.jpg,6
test_2022_eece454_000110.jpg,0
test_2022_eece454_000111.jpg,5
test_2022_eece454_000112.jpg,13
test_2022_eece454_000113.jpg,12
test_2022_eece454_000114.jpg,10
test_2022_eece454_000115.jpg,13
test_2022_eece454_000116.jpg,14
test_2022_eece454_000117.jpg,1
test_2022_eece454_000118.jpg,4
test_2022_eece454_000119.jpg,14
test_2022_eece454_000120.jpg,14
test_2022_eece454_000121.jpg,10
test_2022_eece454_000122.jpg,8
test_2022_eece454_000123.jpg,14
test_2022_eece454_000124.jpg,8
test_2022_eece454_000125.jpg,9
test_2022_eece454_000126.jpg,6
test_2022_eece454_000127.jpg,0
test_2022_eece454_000128.jpg,13
test_2022_eece454_000129.jpg,6
test_2022_eece454_000130.jpg,3
test_2022_eece454_000131.jpg,7
test_2022_eece454_000132.jpg,8
test_2022_eece454_000133.jpg,6
test_2022_eece454_000134.jpg,0
test_2022_eece454_000135.jpg,10
test_2022_eece454_000136.jpg,5
test_2022_eece454_000137.jpg,13
test_2022_eece454_000138.jpg,0
test_2022_eece454_000139.jpg,2
test_2022_eece454_000140.jpg,10
test_2022_eece454_000141.jpg,10
test_2022_eece454_000142.jpg,3
test_2022_eece454_000143.jpg,11
test_2022_eece454_000144.jpg,4
test_2022_eece454_000145.jpg,3
test_2022_eece454_000146.jpg,10
test_2022_eece454_000147.jpg,14
test_2022_eece454_000148.jpg,13
test_2022_eece454_000149.jpg,7
test_2022_eece454_000150.jpg,12
test_2022_eece454_000151.jpg,7
test_2022_eece454_000152.jpg,1
test_2022_eece454_000153.jpg,10
test_2022_eece454_000154.jpg,0
test_2022_eece454_000155.jpg,6
test_2022_eece454_000156.jpg,3
test_2022_eece454_000157.jpg,1
test_2022_eece454_000158.jpg,6
test_2022_eece454_000159.jpg,11
test_2022_eece454_000160.jpg,11
test_2022_eece454_000161.jpg,9
test_2022_eece454_000162.jpg,11
test_2022_eece454_000163.jpg,4
test_2022_eece454_000164.jpg,14
test_2022_eece454_000165.jpg,3
test_2022_eece454_000166.jpg,5
test_2022_eece454_000167.jpg,6
test_2022_eece454_000168.jpg,13
test_2022_eece454_000169.jpg,10
test_2022_eece454_000170.jpg,0
test_2022_eece454_000171.jpg,5
test_2022_eece454_000172.jpg,2
test_2022_eece454_000173.jpg,14
test_2022_eece454_000174.jpg,0
test_2022_eece454_000175.jpg,0
test_2022_eece454_000176.jpg,9
test_2022_eece454_000177.jpg,1
test_2022_eece454_000178.jpg,14
test_2022_eece454_000179.jpg,9
test_2022_eece454_000180.jpg,11
test_2022_eece454_000181.jpg,13
test_2022_eece454_000182.jpg,3
test_2022_eece454_000183.jpg,11
test_2022_eece454_000184.jpg,6
test_2022_eece454_000185.jpg,10
test_2022_eece454_000186.jpg,7
test_2022_eece454_000187.jpg,0
test_2022_eece454_000188.jpg,8
test_2022_eece454_000189.jpg,3
test_2022_eece454_000190.jpg,5
test_2022_eece454_000191.jpg,5
test_2022_eece454_000192.jpg,6
test_2022_eece454_000193.jpg,6
test_2022_eece454_000194.jpg,10
test_2022_eece454_000195.jpg,4
test_2022_eece454_000196.jpg,14
test_2022_eece454_000197.jpg,9
test_2022_eece454_000198.jpg,10
test_2022_eece454_000199.jpg,9
test_2022_eece454_000200.jpg,3
test_2022_eece454_000201.jpg,12
test_2022_eece454_000202.jpg,11
test_2022_eece454_000203.jpg,9
test_2022_eece454_000204.jpg,5
test_2022_eece454_000205.jpg,0
test_2022_eece454_000206.jpg,3
test_2022_eece454_000207.jpg,13
test_2022_eece454_000208.jpg,9
test_2022_eece454_000209.jpg,2
test_2022_eece454_000210.jpg,14
test_2022_eece454_000211.jpg,6
test_2022_eece454_000212.jpg,1
test_2022_eece454_000213.jpg,5
test_2022_eece454_000214.jpg,9
test_2022_eece454_000215.jpg,3
test_2022_eece454_000216.jpg,10
test_2022_eece454_000217.jpg,8
test_2022_eece454_000218.jpg,10
test_2022_eece454_000219.jpg,2
test_2022_eece454_000220.jpg,2
test_2022_eece454_000221.jpg,13
test_2022_eece454_000222.jpg,7
test_2022_eece454_000223.jpg,7
test_2022_eece454_000224.jpg,0
test_2022_eece454_000225.jpg,5
test_2022_eece454_000226.jpg,8
test_2022_eece454_000227.jpg,9
test_2022_eece454_000228.jpg,5
test_2022_eece454_000229.jpg,6
test_2022_eece454_000230.jpg,10
test_2022_eece454_000231.jpg,1
test_2022_eece454_000232.jpg,1
test_2022_eece454_000233.jpg,0
test_2022_eece454_000234.jpg,14
test_2022_eece454_000235.jpg,3
test_2022_eece454_000236.jpg,9
test_2022_eece454_000237.jpg,7
test_2022_eece454_000238.jpg,7
test_2022_eece454_000239.jpg,5
test_2022_eece454_000240.jpg,1
test_2022_eece454_000241.jpg,0
test_2022_eece454_000242.jpg,10
test_2022_eece454_000243.jpg,13
test_2022_eece454_000244.jpg,10
test_2022_eece454_000245.jpg,9
test_2022_eece454_000246.jpg,2
test_2022_eece454_000247.jpg,9
test_2022_eece454_000248.jpg,2
test_2022_eece454_000249.jpg,13
test_2022_eece454_000250.jpg,0
test_2022_eece454_000251.jpg,10
test_2022_eece454_000252.jpg,13
test_2022_eece454_000253.jpg,12
test_2022_eece454_000254.jpg,5
test_2022_eece454_000255.jpg,5
test_2022_eece454_000256.jpg,11
test_2022_eece454_000257.jpg,2
test_2022_eece454_000258.jpg,5
test_2022_eece454_000259.jpg,3
test_2022_eece454_000260.jpg,5
test_2022_eece454_000261.jpg,14
test_2022_eece454_000262.jpg,0
test_2022_eece454_000263.jpg,8
test_2022_eece454_000264.jpg,6
test_2022_eece454_000265.jpg,0
test_2022_eece454_000266.jpg,4
test_2022_eece454_000267.jpg,7
test_2022_eece454_000268.jpg,1
test_2022_eece454_000269.jpg,9
test_2022_eece454_000270.jpg,7
test_2022_eece454_000271.jpg,4
test_2022_eece454_000272.jpg,1
test_2022_eece454_000273.jpg,8
test_2022_eece454_000274.jpg,8
test_2022_eece454_000275.jpg,9
test_2022_eece454_000276.jpg,1
test_2022_eece454_000277.jpg,5
test_2022_eece454_000278.jpg,5
test_2022_eece454_000279.jpg,11
test_2022_eece454_000280.jpg,7
test_2022_eece454_000281.jpg,4
test_2022_eece454_000282.jpg,14
test_2022_eece454_000283.jpg,4
test_2022_eece454_000284.jpg,11
test_2022_eece454_000285.jpg,6
test_2022_eece454_000286.jpg,7
test_2022_eece454_000287.jpg,4
test_2022_eece454_000288.jpg,12
test_2022_eece454_000289.jpg,7
test_2022_eece454_000290.jpg,9
test_2022_eece454_000291.jpg,9
test_2022_eece454_000292.jpg,7
test_2022_eece454_000293.jpg,4
test_2022_eece454_000294.jpg,6
test_2022_eece454_000295.jpg,4
test_2022_eece454_000296.jpg,7
test_2022_eece454_000297.jpg,10
test_2022_eece454_000298.jpg,0
test_2022_eece454_000299.jpg,14
test_2022_eece454_000300.jpg,7
test_2022_eece454_000301.jpg,11
test_2022_eece454_000302.jpg,0
test_2022_eece454_000303.jpg,4
test_2022_eece454_000304.jpg,12
test_2022_eece454_000305.jpg,6
test_2022_eece454_000306.jpg,0
test_2022_eece454_000307.jpg,13
test_2022_eece454_000308.jpg,13
test_2022_eece454_000309.jpg,10
test_2022_eece454_000310.jpg,14
test_2022_eece454_000311.jpg,1
test_2022_eece454_000312.jpg,6
test_2022_eece454_000313.jpg,8
test_2022_eece454_000314.jpg,8
test_2022_eece454_000315.jpg,1
test_2022_eece454_000316.jpg,11
test_2022_eece454_000317.jpg,12
test_2022_eece454_000318.jpg,13
test_2022_eece454_000319.jpg,11
test_2022_eece454_000320.jpg,7
test_2022_eece454_000321.jpg,11
test_2022_eece454_000322.jpg,1
test_2022_eece454_000323.jpg,5
test_2022_eece454_000324.jpg,12
test_2022_eece454_000325.jpg,10
test_2022_eece454_000326.jpg,6
test_2022_eece454_000327.jpg,5
test_2022_eece454_000328.jpg,6
test_2022_eece454_000329.jpg,8
test_2022_eece454_000330.jpg,11
test_2022_eece454_000331.jpg,6
test_2022_eece454_000332.jpg,13
test_2022_eece454_000333.jpg,14
test_2022_eece454_000334.jpg,14
test_2022_eece454_000335.jpg,4
test_2022_eece454_000336.jpg,14
test_2022_eece454_000337.jpg,14
test_2022_eece454_000338.jpg,14
test_2022_eece454_000339.jpg,3
test_2022_eece454_000340.jpg,7
test_2022_eece454_000341.jpg,11
test_2022_eece454_000342.jpg,1
test_2022_eece454_000343.jpg,3
test_2022_eece454_000344.jpg,9
test_2022_eece454_000345.jpg,10
test_2022_eece454_000346.jpg,7
test_2022_eece454_000347.jpg,5
test_2022_eece454_000348.jpg,13
test_2022_eece454_000349.jpg,5
test_2022_eece454_000350.jpg,1
test_2022_eece454_000351.jpg,5
test_2022_eece454_000352.jpg,6
test_2022_eece454_000353.jpg,9
test_2022_eece454_000354.jpg,0
test_2022_eece454_000355.jpg,14
test_2022_eece454_000356.jpg,9
test_2022_eece454_000357.jpg,11
test_2022_eece454_000358.jpg,7
test_2022_eece454_000359.jpg,10
test_2022_eece454_000360.jpg,1
test_2022_eece454_000361.jpg,9
test_2022_eece454_000362.jpg,11
test_2022_eece454_000363.jpg,10
test_2022_eece454_000364.jpg,8
test_2022_eece454_000365.jpg,7
test_2022_eece454_000366.jpg,1
test_2022_eece454_000367.jpg,13
test_2022_eece454_000368.jpg,1
test_2022_eece454_000369.jpg,5
test_2022_eece454_000370.jpg,14
test_2022_eece454_000371.jpg,8
test_2022_eece454_000372.jpg,8
test_2022_eece454_000373.jpg,10
test_2022_eece454_000374.jpg,6
test_2022_eece454_000375.jpg,11
test_2022_eece454_000376.jpg,2
test_2022_eece454_000377.jpg,11
test_2022_eece454_000378.jpg,4
test_2022_eece454_000379.jpg,10
test_2022_eece454_000380.jpg,10
test_2022_eece454_000381.jpg,1
test_2022_eece454_000382.jpg,6
test_2022_eece454_000383.jpg,14
test_2022_eece454_000384.jpg,14
test_2022_eece454_000385.jpg,7
test_2022_eece454_000386.jpg,7
test_2022_eece454_000387.jpg,13
test_2022_eece454_000388.jpg,5
test_2022_eece454_000389.jpg,3
test_2022_eece454_000390.jpg,7
test_2022_eece454_000391.jpg,1
test_2022_eece454_000392.jpg,14
test_2022_eece454_000393.jpg,8
test_2022_eece454_000394.jpg,2
test_2022_eece454_000395.jpg,14
test_2022_eece454_000396.jpg,5
test_2022_eece454_000397.jpg,12
test_2022_eece454_000398.jpg,4
test_2022_eece454_000399.jpg,1
test_2022_eece454_000400.jpg,6
test_2022_eece454_000401.jpg,2
test_2022_eece454_000402.jpg,10
test_2022_eece454_000403.jpg,3
test_2022_eece454_000404.jpg,13
test_2022_eece454_000405.jpg,6
test_2022_eece454_000406.jpg,5
test_2022_eece454_000407.jpg,8
test_2022_eece454_000408.jpg,12
test_2022_eece454_000409.jpg,12
test_2022_eece454_000410.jpg,11
test_2022_eece454_000411.jpg,2
test_2022_eece454_000412.jpg,10
test_2022_eece454_000413.jpg,12
test_2022_eece454_000414.jpg,9
test_2022_eece454_000415.jpg,13
test_2022_eece454_000416.jpg,1
test_2022_eece454_000417.jpg,2
test_2022_eece454_000418.jpg,3
test_2022_eece454_000419.jpg,12
test_2022_eece454_000420.jpg,6
test_2022_eece454_000421.jpg,3
test_2022_eece454_000422.jpg,9
test_2022_eece454_000423.jpg,8
test_2022_eece454_000424.jpg,10
test_2022_eece454_000425.jpg,14
test_2022_eece454_000426.jpg,10
test_2022_eece454_000427.jpg,2
test_2022_eece454_000428.jpg,13
test_2022_eece454_000429.jpg,7
test_2022_eece454_000430.jpg,1
test_2022_eece454_000431.jpg,2
test_2022_eece454_000432.jpg,13
test_2022_eece454_000433.jpg,1
test_2022_eece454_000434.jpg,2
test_2022_eece454_000435.jpg,6
test_2022_eece454_000436.jpg,9
test_2022_eece454_000437.jpg,4
test_2022_eece454_000438.jpg,7
test_2022_eece454_000439.jpg,14
test_2022_eece454_000440.jpg,14
test_2022_eece454_000441.jpg,0
test_2022_eece454_000442.jpg,10
test_2022_eece454_000443.jpg,2
test_2022_eece454_000444.jpg,0
test_2022_eece454_000445.jpg,6
test_2022_eece454_000446.jpg,6
test_2022_eece454_000447.jpg,8
test_2022_eece454_000448.jpg,11
test_2022_eece454_000449.jpg,6
test_2022_eece454_000450.jpg,13
test_2022_eece454_000451.jpg,10
test_2022_eece454_000452.jpg,9
test_2022_eece454_000453.jpg,9
test_2022_eece454_000454.jpg,6
test_2022_eece454_000455.jpg,8
test_2022_eece454_000456.jpg,10
test_2022_eece454_000457.jpg,4
test_2022_eece454_000458.jpg,12
test_2022_eece454_000459.jpg,2
test_2022_eece454_000460.jpg,4
test_2022_eece454_000461.jpg,5
test_2022_eece454_000462.jpg,3
test_2022_eece454_000463.jpg,6
test_2022_eece454_000464.jpg,13
test_2022_eece454_000465.jpg,0
test_2022_eece454_000466.jpg,7
test_2022_eece454_000467.jpg,9
test_2022_eece454_000468.jpg,1
test_2022_eece454_000469.jpg,3
test_2022_eece454_000470.jpg,4
test_2022_eece454_000471.jpg,5
test_2022_eece454_000472.jpg,2
test_2022_eece454_000473.jpg,1
test_2022_eece454_000474.jpg,2
test_2022_eece454_000475.jpg,8
test_2022_eece454_000476.jpg,13
test_2022_eece454_000477.jpg,11
test_2022_eece454_000478.jpg,0
test_2022_eece454_000479.jpg,5
test_2022_eece454_000480.jpg,2
test_2022_eece454_000481.jpg,9
test_2022_eece454_000482.jpg,5
test_2022_eece454_000483.jpg,4
test_2022_eece454_000484.jpg,9
test_2022_eece454_000485.jpg,6
test_2022_eece454_000486.jpg,13
test_2022_eece454_000487.jpg,12
test_2022_eece454_000488.jpg,6
test_2022_eece454_000489.jpg,3
test_2022_eece454_000490.jpg,11
test_2022_eece454_000491.jpg,8
test_2022_eece454_000492.jpg,0
test_2022_eece454_000493.jpg,3
test_2022_eece454_000494.jpg,7
test_2022_eece454_000495.jpg,14
test_2022_eece454_000496.jpg,12
test_2022_eece454_000497.jpg,2
test_2022_eece454_000498.jpg,5
test_2022_eece454_000499.jpg,3
test_2022_eece454_000500.jpg,0
test_2022_eece454_000501.jpg,1
test_2022_eece454_000502.jpg,6
test_2022_eece454_000503.jpg,0
test_2022_eece454_000504.jpg,1
test_2022_eece454_000505.jpg,11
test_2022_eece454_000506.jpg,9
test_2022_eece454_000507.jpg,4
test_2022_eece454_000508.jpg,13
test_2022_eece454_000509.jpg,10
test_2022_eece454_000510.jpg,11
test_2022_eece454_000511.jpg,9
test_2022_eece454_000512.jpg,14
test_2022_eece454_000513.jpg,13
test_2022_eece454_000514.jpg,8
test_2022_eece454_000515.jpg,11
test_2022_eece454_000516.jpg,11
test_2022_eece454_000517.jpg,4
test_2022_eece454_000518.jpg,9
test_2022_eece454_000519.jpg,1
test_2022_eece454_000520.jpg,11
test_2022_eece454_000521.jpg,9
test_2022_eece454_000522.jpg,7
test_2022_eece454_000523.jpg,13
test_2022_eece454_000524.jpg,4
test_2022_eece454_000525.jpg,5
test_2022_eece454_000526.jpg,11
test_2022_eece454_000527.jpg,5
test_2022_eece454_000528.jpg,4
test_2022_eece454_000529.jpg,4
test_2022_eece454_000530.jpg,3
test_2022_eece454_000531.jpg,10
test_2022_eece454_000532.jpg,7
test_2022_eece454_000533.jpg,13
test_2022_eece454_000534.jpg,11
test_2022_eece454_000535.jpg,0
test_2022_eece454_000536.jpg,12
test_2022_eece454_000537.jpg,3
test_2022_eece454_000538.jpg,3
test_2022_eece454_000539.jpg,9
test_2022_eece454_000540.jpg,11
test_2022_eece454_000541.jpg,10
test_2022_eece454_000542.jpg,6
test_2022_eece454_000543.jpg,6
test_2022_eece454_000544.jpg,14
test_2022_eece454_000545.jpg,13
test_2022_eece454_000546.jpg,11
test_2022_eece454_000547.jpg,9
test_2022_eece454_000548.jpg,4
test_2022_eece454_000549.jpg,12
test_2022_eece454_000550.jpg,14
test_2022_eece454_000551.jpg,4
test_2022_eece454_000552.jpg,14
test_2022_eece454_000553.jpg,7
test_2022_eece454_000554.jpg,6
test_2022_eece454_000555.jpg,5
test_2022_eece454_000556.jpg,8
test_2022_eece454_000557.jpg,10
test_2022_eece454_000558.jpg,7
test_2022_eece454_000559.jpg,5
test_2022_eece454_000560.jpg,7
test_2022_eece454_000561.jpg,9
test_2022_eece454_000562.jpg,4
test_2022_eece454_000563.jpg,10
test_2022_eece454_000564.jpg,13
test_2022_eece454_000565.jpg,3
test_2022_eece454_000566.jpg,1
test_2022_eece454_000567.jpg,4
test_2022_eece454_000568.jpg,12
test_2022_eece454_000569.jpg,11
test_2022_eece454_000570.jpg,13
test_2022_eece454_000571.jpg,7
test_2022_eece454_000572.jpg,12
test_2022_eece454_000573.jpg,7
test_2022_eece454_000574.jpg,3
test_2022_eece454_000575.jpg,2
test_2022_eece454_000576.jpg,7
test_2022_eece454_000577.jpg,3
test_2022_eece454_000578.jpg,6
test_2022_eece454_000579.jpg,9
test_2022_eece454_000580.jpg,10
test_2022_eece454_000581.jpg,7
test_2022_eece454_000582.jpg,11
test_2022_eece454_000583.jpg,0
test_2022_eece454_000584.jpg,10
test_2022_eece454_000585.jpg,1
test_2022_eece454_000586.jpg,12
test_2022_eece454_000587.jpg,7
test_2022_eece454_000588.jpg,14
test_2022_eece454_000589.jpg,11
test_2022_eece454_000590.jpg,1
test_2022_eece454_000591.jpg,11
test_2022_eece454_000592.jpg,12
test_2022_eece454_000593.jpg,4
test_2022_eece454_000594.jpg,14
test_2022_eece454_000595.jpg,14
test_2022_eece454_000596.jpg,7
test_2022_eece454_000597.jpg,11
test_2022_eece454_000598.jpg,0
test_2022_eece454_000599.jpg,2
test_2022_eece454_000600.jpg,6
test_2022_eece454_000601.jpg,10
test_2022_eece454_000602.jpg,5
test_2022_eece454_000603.jpg,14
test_2022_eece454_000604.jpg,14
test_2022_eece454_000605.jpg,9
test_2022_eece454_000606.jpg,13
test_2022_eece454_000607.jpg,11
test_2022_eece454_000608.jpg,1
test_2022_eece454_000609.jpg,0
test_2022_eece454_000610.jpg,9
test_2022_eece454_000611.jpg,4
test_2022_eece454_000612.jpg,9
test_2022_eece454_000613.jpg,4
test_2022_eece454_000614.jpg,9
test_2022_eece454_000615.jpg,12
test_2022_eece454_000616.jpg,6
test_2022_eece454_000617.jpg,13
test_2022_eece454_000618.jpg,6
test_2022_eece454_000619.jpg,5
test_2022_eece454_000620.jpg,9
test_2022_eece454_000621.jpg,3
test_2022_eece454_000622.jpg,1
test_2022_eece454_000623.jpg,9
test_2022_eece454_000624.jpg,3
test_2022_eece454_000625.jpg,6
test_2022_eece454_000626.jpg,6
test_2022_eece454_000627.jpg,12
test_2022_eece454_000628.jpg,6
test_2022_eece454_000629.jpg,7
test_2022_eece454_000630.jpg,0
test_2022_eece454_000631.jpg,13
test_2022_eece454_000632.jpg,13
test_2022_eece454_000633.jpg,10
test_2022_eece454_000634.jpg,13
test_2022_eece454_000635.jpg,1
test_2022_eece454_000636.jpg,0
test_2022_eece454_000637.jpg,5
test_2022_eece454_000638.jpg,4
test_2022_eece454_000639.jpg,3
test_2022_eece454_000640.jpg,13
test_2022_eece454_000641.jpg,3
test_2022_eece454_000642.jpg,5
test_2022_eece454_000643.jpg,12
test_2022_eece454_000644.jpg,4
test_2022_eece454_000645.jpg,3
test_2022_eece454_000646.jpg,5
test_2022_eece454_000647.jpg,5
test_2022_eece454_000648.jpg,12
test_2022_eece454_000649.jpg,3
test_2022_eece454_000650.jpg,14
test_2022_eece454_000651.jpg,5
test_2022_eece454_000652.jpg,3
test_2022_eece454_000653.jpg,12
test_2022_eece454_000654.jpg,11
test_2022_eece454_000655.jpg,10
test_2022_eece454_000656.jpg,13
test_2022_eece454_000657.jpg,4
test_2022_eece454_000658.jpg,1
test_2022_eece454_000659.jpg,9
test_2022_eece454_000660.jpg,6
test_2022_eece454_000661.jpg,4
test_2022_eece454_000662.jpg,10
test_2022_eece454_000663.jpg,0
test_2022_eece454_000664.jpg,2
test_2022_eece454_000665.jpg,10
test_2022_eece454_000666.jpg,4
test_2022_eece454_000667.jpg,11
test_2022_eece454_000668.jpg,4
test_2022_eece454_000669.jpg,12
test_2022_eece454_000670.jpg,9
test_2022_eece454_000671.jpg,1
test_2022_eece454_000672.jpg,13
test_2022_eece454_000673.jpg,11
test_2022_eece454_000674.jpg,2
test_2022_eece454_000675.jpg,14
test_2022_eece454_000676.jpg,9
test_2022_eece454_000677.jpg,13
test_2022_eece454_000678.jpg,11
test_2022_eece454_000679.jpg,11
test_2022_eece454_000680.jpg,8
test_2022_eece454_000681.jpg,3
test_2022_eece454_000682.jpg,6
test_2022_eece454_000683.jpg,8
test_2022_eece454_000684.jpg,4
test_2022_eece454_000685.jpg,5
test_2022_eece454_000686.jpg,3
test_2022_eece454_000687.jpg,3
test_2022_eece454_000688.jpg,11
test_2022_eece454_000689.jpg,8
test_2022_eece454_000690.jpg,7
test_2022_eece454_000691.jpg,1
test_2022_eece454_000692.jpg,12
test_2022_eece454_000693.jpg,3
test_2022_eece454_000694.jpg,3
test_2022_eece454_000695.jpg,8
test_2022_eece454_000696.jpg,8
test_2022_eece454_000697.jpg,7
test_2022_eece454_000698.jpg,3
test_2022_eece454_000699.jpg,8
test_2022_eece454_000700.jpg,9
test_2022_eece454_000701.jpg,0
test_2022_eece454_000702.jpg,7
test_2022_eece454_000703.jpg,6
test_2022_eece454_000704.jpg,3
test_2022_eece454_000705.jpg,6
test_2022_eece454_000706.jpg,13
test_2022_eece454_000707.jpg,8
test_2022_eece454_000708.jpg,10
test_2022_eece454_000709.jpg,2
test_2022_eece454_000710.jpg,8
test_2022_eece454_000711.jpg,10
test_2022_eece454_000712.jpg,1
test_2022_eece454_000713.jpg,12
test_2022_eece454_000714.jpg,3
test_2022_eece454_000715.jpg,12
test_2022_eece454_000716.jpg,0
test_2022_eece454_000717.jpg,13
test_2022_eece454_000718.jpg,1
test_2022_eece454_000719.jpg,8
test_2022_eece454_000720.jpg,1
test_2022_eece454_000721.jpg,14
test_2022_eece454_000722.jpg,13
test_2022_eece454_000723.jpg,9
test_2022_eece454_000724.jpg,6
test_2022_eece454_000725.jpg,5
test_2022_eece454_000726.jpg,2
test_2022_eece454_000727.jpg,1
test_2022_eece454_000728.jpg,14
test_2022_eece454_000729.jpg,6
test_2022_eece454_000730.jpg,12
test_2022_eece454_000731.jpg,13
test_2022_eece454_000732.jpg,4
test_2022_eece454_000733.jpg,10
test_2022_eece454_000734.jpg,14
test_2022_eece454_000735.jpg,13
test_2022_eece454_000736.jpg,14
test_2022_eece454_000737.jpg,5
test_2022_eece454_000738.jpg,10
test_2022_eece454_000739.jpg,11
test_2022_eece454_000740.jpg,5
test_2022_eece454_000741.jpg,12
test_2022_eece454_000742.jpg,8
test_2022_eece454_000743.jpg,3
test_2022_eece454_000744.jpg,14
test_2022_eece454_000745.jpg,13
test_2022_eece454_000746.jpg,5
test_2022_eece454_000747.jpg,9
test_2022_eece454_000748.jpg,9
test_2022_eece454_000749.jpg,14
test_2022_eece454_000750.jpg,7
test_2022_eece454_000751.jpg,3
test_2022_eece454_000752.jpg,7
test_2022_eece454_000753.jpg,2
test_2022_eece454_000754.jpg,12
test_2022_eece454_000755.jpg,12
test_2022_eece454_000756.jpg,9
test_2022_eece454_000757.jpg,1
test_2022_eece454_000758.jpg,5
test_2022_eece454_000759.jpg,11
test_2022_eece454_000760.jpg,5
test_2022_eece454_000761.jpg,2
test_2022_eece454_000762.jpg,7
test_2022_eece454_000763.jpg,14
test_2022_eece454_000764.jpg,5
test_2022_eece454_000765.jpg,4
test_2022_eece454_000766.jpg,0
test_2022_eece454_000767.jpg,10
test_2022_eece454_000768.jpg,4
test_2022_eece454_000769.jpg,4
test_2022_eece454_000770.jpg,7
test_2022_eece454_000771.jpg,11
test_2022_eece454_000772.jpg,2
test_2022_eece454_000773.jpg,3
test_2022_eece454_000774.jpg,12
test_2022_eece454_000775.jpg,5
test_2022_eece454_000776.jpg,3
test_2022_eece454_000777.jpg,6
test_2022_eece454_000778.jpg,10
test_2022_eece454_000779.jpg,12
test_2022_eece454_000780.jpg,1
test_2022_eece454_000781.jpg,9
test_2022_eece454_000782.jpg,11
test_2022_eece454_000783.jpg,4
test_2022_eece454_000784.jpg,10
test_2022_eece454_000785.jpg,13
test_2022_eece454_000786.jpg,5
test_2022_eece454_000787.jpg,6
test_2022_eece454_000788.jpg,5
test_2022_eece454_000789.jpg,9
test_2022_eece454_000790.jpg,5
test_2022_eece454_000791.jpg,5
test_2022_eece454_000792.jpg,6
test_2022_eece454_000793.jpg,7
test_2022_eece454_000794.jpg,5
test_2022_eece454_000795.jpg,14
test_2022_eece454_000796.jpg,10
test_2022_eece454_000797.jpg,14
test_2022_eece454_000798.jpg,2
test_2022_eece454_000799.jpg,4
test_2022_eece454_000800.jpg,5
test_2022_eece454_000801.jpg,10
test_2022_eece454_000802.jpg,1
test_2022_eece454_000803.jpg,2
test_2022_eece454_000804.jpg,12
test_2022_eece454_000805.jpg,6
test_2022_eece454_000806.jpg,7
test_2022_eece454_000807.jpg,0
test_2022_eece454_000808.jpg,2
test_2022_eece454_000809.jpg,8
test_2022_eece454_000810.jpg,9
test_2022_eece454_000811.jpg,2
test_2022_eece454_000812.jpg,9
test_2022_eece454_000813.jpg,12
test_2022_eece454_000814.jpg,5
test_2022_eece454_000815.jpg,8
test_2022_eece454_000816.jpg,2
test_2022_eece454_000817.jpg,13
test_2022_eece454_000818.jpg,11
test_2022_eece454_000819.jpg,10
test_2022_eece454_000820.jpg,6
test_2022_eece454_000821.jpg,5
test_2022_eece454_000822.jpg,12
test_2022_eece454_000823.jpg,13
test_2022_eece454_000824.jpg,5
test_2022_eece454_000825.jpg,13
test_2022_eece454_000826.jpg,14
test_2022_eece454_000827.jpg,11
test_2022_eece454_000828.jpg,8
test_2022_eece454_000829.jpg,5
test_2022_eece454_000830.jpg,0
test_2022_eece454_000831.jpg,8
test_2022_eece454_000832.jpg,13
test_2022_eece454_000833.jpg,10
test_2022_eece454_000834.jpg,1
test_2022_eece454_000835.jpg,9
test_2022_eece454_000836.jpg,11
test_2022_eece454_000837.jpg,13
test_2022_eece454_000838.jpg,1
test_2022_eece454_000839.jpg,2
test_2022_eece454_000840.jpg,12
test_2022_eece454_000841.jpg,5
test_2022_eece454_000842.jpg,6
test_2022_eece454_000843.jpg,11
test_2022_eece454_000844.jpg,2
test_2022_eece454_000845.jpg,7
test_2022_eece454_000846.jpg,14
test_2022_eece454_000847.jpg,3
test_2022_eece454_000848.jpg,2
test_2022_eece454_000849.jpg,12
test_2022_eece454_000850.jpg,10
test_2022_eece454_000851.jpg,6
test_2022_eece454_000852.jpg,14
test_2022_eece454_000853.jpg,12
test_2022_eece454_000854.jpg,8
test_2022_eece454_000855.jpg,3
test_2022_eece454_000856.jpg,10
test_2022_eece454_000857.jpg,6
test_2022_eece454_000858.jpg,5
test_2022_eece454_000859.jpg,0
test_2022_eece454_000860.jpg,14
test_2022_eece454_000861.jpg,13
test_2022_eece454_000862.jpg,3
test_2022_eece454_000863.jpg,5
test_2022_eece454_000864.jpg,11
test_2022_eece454_000865.jpg,3
test_2022_eece454_000866.jpg,0
test_2022_eece454_000867.jpg,6
test_2022_eece454_000868.jpg,0
test_2022_eece454_000869.jpg,7
test_2022_eece454_000870.jpg,11
test_2022_eece454_000871.jpg,11
test_2022_eece454_000872.jpg,6
test_2022_eece454_000873.jpg,5
test_2022_eece454_000874.jpg,0
test_2022_eece454_000875.jpg,4
test_2022_eece454_000876.jpg,14
test_2022_eece454_000877.jpg,14
test_2022_eece454_000878.jpg,6
test_2022_eece454_000879.jpg,10
test_2022_eece454_000880.jpg,6
test_2022_eece454_000881.jpg,7
test_2022_eece454_000882.jpg,12
test_2022_eece454_000883.jpg,5
test_2022_eece454_000884.jpg,1
test_2022_eece454_000885.jpg,4
test_2022_eece454_000886.jpg,13
test_2022_eece454_000887.jpg,12
test_2022_eece454_000888.jpg,2
test_2022_eece454_000889.jpg,3
test_2022_eece454_000890.jpg,3
test_2022_eece454_000891.jpg,11
test_2022_eece454_000892.jpg,3
test_2022_eece454_000893.jpg,2
test_2022_eece454_000894.jpg,9
test_2022_eece454_000895.jpg,10
test_2022_eece454_000896.jpg,5
test_2022_eece454_000897.jpg,2
test_2022_eece454_000898.jpg,14
test_2022_eece454_000899.jpg,1
test_2022_eece454_000900.jpg,12
test_2022_eece454_000901.jpg,6
test_2022_eece454_000902.jpg,7
test_2022_eece454_000903.jpg,1
test_2022_eece454_000904.jpg,7
test_2022_eece454_000905.jpg,1
test_2022_eece454_000906.jpg,4
test_2022_eece454_000907.jpg,10
test_2022_eece454_000908.jpg,2
test_2022_eece454_000909.jpg,10
test_2022_eece454_000910.jpg,6
test_2022_eece454_000911.jpg,3
test_2022_eece454_000912.jpg,9
test_2022_eece454_000913.jpg,11
test_2022_eece454_000914.jpg,13
test_2022_eece454_000915.jpg,11
test_2022_eece454_000916.jpg,12
test_2022_eece454_000917.jpg,2
test_2022_eece454_000918.jpg,1
test_2022_eece454_000919.jpg,6
test_2022_eece454_000920.jpg,6
test_2022_eece454_000921.jpg,10
test_2022_eece454_000922.jpg,10
test_2022_eece454_000923.jpg,6
test_2022_eece454_000924.jpg,6
test_2022_eece454_000925.jpg,14
test_2022_eece454_000926.jpg,12
test_2022_eece454_000927.jpg,12
test_2022_eece454_000928.jpg,6
test_2022_eece454_000929.jpg,7
test_2022_eece454_000930.jpg,12
test_2022_eece454_000931.jpg,4
test_2022_eece454_000932.jpg,0
test_2022_eece454_000933.jpg,6
test_2022_eece454_000934.jpg,4
test_2022_eece454_000935.jpg,4
test_2022_eece454_000936.jpg,3
test_2022_eece454_000937.jpg,2
test_2022_eece454_000938.jpg,1
test_2022_eece454_000939.jpg,4
test_2022_eece454_000940.jpg,3
test_2022_eece454_000941.jpg,13
test_2022_eece454_000942.jpg,14
test_2022_eece454_000943.jpg,9
test_2022_eece454_000944.jpg,5
test_2022_eece454_000945.jpg,11
test_2022_eece454_000946.jpg,13
test_2022_eece454_000947.jpg,4
test_2022_eece454_000948.jpg,0
test_2022_eece454_000949.jpg,3
test_2022_eece454_000950.jpg,7
test_2022_eece454_000951.jpg,6
test_2022_eece454_000952.jpg,1
test_2022_eece454_000953.jpg,10
test_2022_eece454_000954.jpg,7
test_2022_eece454_000955.jpg,14
test_2022_eece454_000956.jpg,5
test_2022_eece454_000957.jpg,13
test_2022_eece454_000958.jpg,0
test_2022_eece454_000959.jpg,7
test_2022_eece454_000960.jpg,8
test_2022_eece454_000961.jpg,9
test_2022_eece454_000962.jpg,1
test_2022_eece454_000963.jpg,4
test_2022_eece454_000964.jpg,0
test_2022_eece454_000965.jpg,11
test_2022_eece454_000966.jpg,8
test_2022_eece454_000967.jpg,3
test_2022_eece454_000968.jpg,5
test_2022_eece454_000969.jpg,7
test_2022_eece454_000970.jpg,5
test_2022_eece454_000971.jpg,12
test_2022_eece454_000972.jpg,3
test_2022_eece454_000973.jpg,13
test_2022_eece454_000974.jpg,8
test_2022_eece454_000975.jpg,14
test_2022_eece454_000976.jpg,9
test_2022_eece454_000977.jpg,9
test_2022_eece454_000978.jpg,0
test_2022_eece454_000979.jpg,14
test_2022_eece454_000980.jpg,5
test_2022_eece454_000981.jpg,10
test_2022_eece454_000982.jpg,14
test_2022_eece454_000983.jpg,13
test_2022_eece454_000984.jpg,3
test_2022_eece454_000985.jpg,6
test_2022_eece454_000986.jpg,7
test_2022_eece454_000987.jpg,6
test_2022_eece454_000988.jpg,5
test_2022_eece454_000989.jpg,14
test_2022_eece454_000990.jpg,1
test_2022_eece454_000991.jpg,3
test_2022_eece454_000992.jpg,7
test_2022_eece454_000993.jpg,1
test_2022_eece454_000994.jpg,13
test_2022_eece454_000995.jpg,10
test_2022_eece454_000996.jpg,1
test_2022_eece454_000997.jpg,2
test_2022_eece454_000998.jpg,12
test_2022_eece454_000999.jpg,0
test_2022_eece454_001000.jpg,14
test_2022_eece454_001001.jpg,13
test_2022_eece454_001002.jpg,12
test_2022_eece454_001003.jpg,9
test_2022_eece454_001004.jpg,2
test_2022_eece454_001005.jpg,2
test_2022_eece454_001006.jpg,9
test_2022_eece454_001007.jpg,3
test_2022_eece454_001008.jpg,10
test_2022_eece454_001009.jpg,7
test_2022_eece454_001010.jpg,4
test_2022_eece454_001011.jpg,3
test_2022_eece454_001012.jpg,3
test_2022_eece454_001013.jpg,10
test_2022_eece454_001014.jpg,4
test_2022_eece454_001015.jpg,8
test_2022_eece454_001016.jpg,6
test_2022_eece454_001017.jpg,7
test_2022_eece454_001018.jpg,6
test_2022_eece454_001019.jpg,1
test_2022_eece454_001020.jpg,12
test_2022_eece454_001021.jpg,3
test_2022_eece454_001022.jpg,0
test_2022_eece454_001023.jpg,3
test_2022_eece454_001024.jpg,10
test_2022_eece454_001025.jpg,0
test_2022_eece454_001026.jpg,12
test_2022_eece454_001027.jpg,7
test_2022_eece454_001028.jpg,3
test_2022_eece454_001029.jpg,10
test_2022_eece454_001030.jpg,0
test_2022_eece454_001031.jpg,12
test_2022_eece454_001032.jpg,7
test_2022_eece454_001033.jpg,5
test_2022_eece454_001034.jpg,7
test_2022_eece454_001035.jpg,8
test_2022_eece454_001036.jpg,1
test_2022_eece454_001037.jpg,11
test_2022_eece454_001038.jpg,3
test_2022_eece454_001039.jpg,5
test_2022_eece454_001040.jpg,2
test_2022_eece454_001041.jpg,13
test_2022_eece454_001042.jpg,10
test_2022_eece454_001043.jpg,0
test_2022_eece454_001044.jpg,6
test_2022_eece454_001045.jpg,13
test_2022_eece454_001046.jpg,7
test_2022_eece454_001047.jpg,5
test_2022_eece454_001048.jpg,4
test_2022_eece454_001049.jpg,12
test_2022_eece454_001050.jpg,14
test_2022_eece454_001051.jpg,11
test_2022_eece454_001052.jpg,2
test_2022_eece454_001053.jpg,4
test_2022_eece454_001054.jpg,9
test_2022_eece454_001055.jpg,13
test_2022_eece454_001056.jpg,2
test_2022_eece454_001057.jpg,1
test_2022_eece454_001058.jpg,1
test_2022_eece454_001059.jpg,3
test_2022_eece454_001060.jpg,0
test_2022_eece454_001061.jpg,11
test_2022_eece454_001062.jpg,9
test_2022_eece454_001063.jpg,9
test_2022_eece454_001064.jpg,6
test_2022_eece454_001065.jpg,6
test_2022_eece454_001066.jpg,11
test_2022_eece454_001067.jpg,7
test_2022_eece454_001068.jpg,7
test_2022_eece454_001069.jpg,8
test_2022_eece454_001070.jpg,14
test_2022_eece454_001071.jpg,1
test_2022_eece454_001072.jpg,2
test_2022_eece454_001073.jpg,1
test_2022_eece454_001074.jpg,2
test_2022_eece454_001075.jpg,1
test_2022_eece454_001076.jpg,4
test_2022_eece454_001077.jpg,11
test_2022_eece454_001078.jpg,1
test_2022_eece454_001079.jpg,14
test_2022_eece454_001080.jpg,2
test_2022_eece454_001081.jpg,14
test_2022_eece454_001082.jpg,13
test_2022_eece454_001083.jpg,10
test_2022_eece454_001084.jpg,6
test_2022_eece454_001085.jpg,7
test_2022_eece454_001086.jpg,5
test_2022_eece454_001087.jpg,1
test_2022_eece454_001088.jpg,4
test_2022_eece454_001089.jpg,9
test_2022_eece454_001090.jpg,10
test_2022_eece454_001091.jpg,6
test_2022_eece454_001092.jpg,12
test_2022_eece454_001093.jpg,2
test_2022_eece454_001094.jpg,13
test_2022_eece454_001095.jpg,12
test_2022_eece454_001096.jpg,8
test_2022_eece454_001097.jpg,4
test_2022_eece454_001098.jpg,6
test_2022_eece454_001099.jpg,11
test_2022_eece454_001100.jpg,6
test_2022_eece454_001101.jpg,10
test_2022_eece454_001102.jpg,7
test_2022_eece454_001103.jpg,10
test_2022_eece454_001104.jpg,4
test_2022_eece454_001105.jpg,6
test_2022_eece454_001106.jpg,1
test_2022_eece454_001107.jpg,12
test_2022_eece454_001108.jpg,1
test_2022_eece454_001109.jpg,9
test_2022_eece454_001110.jpg,8
test_2022_eece454_001111.jpg,14
test_2022_eece454_001112.jpg,12
test_2022_eece454_001113.jpg,14
test_2022_eece454_001114.jpg,6
test_2022_eece454_001115.jpg,14
test_2022_eece454_001116.jpg,9
test_2022_eece454_001117.jpg,5
test_2022_eece454_001118.jpg,8
test_2022_eece454_001119.jpg,5
test_2022_eece454_001120.jpg,11
test_2022_eece454_001121.jpg,5
test_2022_eece454_001122.jpg,9
test_2022_eece454_001123.jpg,7
test_2022_eece454_001124.jpg,9
test_2022_eece454_001125.jpg,8
test_2022_eece454_001126.jpg,11
test_2022_eece454_001127.jpg,1
test_2022_eece454_001128.jpg,13
test_2022_eece454_001129.jpg,2
test_2022_eece454_001130.jpg,3
test_2022_eece454_001131.jpg,4
test_2022_eece454_001132.jpg,4
test_2022_eece454_001133.jpg,2
test_2022_eece454_001134.jpg,12
test_2022_eece454_001135.jpg,8
test_2022_eece454_001136.jpg,12
test_2022_eece454_001137.jpg,4
test_2022_eece454_001138.jpg,11
test_2022_eece454_001139.jpg,10
test_2022_eece454_001140.jpg,1
test_2022_eece454_001141.jpg,9
test_2022_eece454_001142.jpg,5
test_2022_eece454_001143.jpg,11
test_2022_eece454_001144.jpg,5
test_2022_eece454_001145.jpg,14
test_2022_eece454_001146.jpg,5
test_2022_eece454_001147.jpg,7
test_2022_eece454_001148.jpg,7
test_2022_eece454_001149.jpg,9
test_2022_eece454_001150.jpg,7
test_2022_eece454_001151.jpg,11
test_2022_eece454_001152.jpg,12
test_2022_eece454_001153.jpg,12
test_2022_eece454_001154.jpg,6
test_2022_eece454_001155.jpg,5
test_2022_eece454_001156.jpg,3
test_2022_eece454_001157.jpg,11
test_2022_eece454_001158.jpg,11
test_2022_eece454_001159.jpg,3
test_2022_eece454_001160.jpg,2
test_2022_eece454_001161.jpg,5
test_2022_eece454_001162.jpg,11
test_2022_eece454_001163.jpg,11
test_2022_eece454_001164.jpg,13
test_2022_eece454_001165.jpg,3
test_2022_eece454_001166.jpg,1
test_2022_eece454_001167.jpg,11
test_2022_eece454_001168.jpg,6
test_2022_eece454_001169.jpg,1
test_2022_eece454_001170.jpg,3
test_2022_eece454_001171.jpg,11
test_2022_eece454_001172.jpg,12
test_2022_eece454_001173.jpg,2
test_2022_eece454_001174.jpg,5
test_2022_eece454_001175.jpg,12
test_2022_eece454_001176.jpg,8
test_2022_eece454_001177.jpg,8
test_2022_eece454_001178.jpg,9
test_2022_eece454_001179.jpg,12
test_2022_eece454_001180.jpg,1
test_2022_eece454_001181.jpg,12
test_2022_eece454_001182.jpg,6
test_2022_eece454_001183.jpg,11
test_2022_eece454_001184.jpg,13
test_2022_eece454_001185.jpg,11
test_2022_eece454_001186.jpg,9
test_2022_eece454_001187.jpg,3
test_2022_eece454_001188.jpg,10
test_2022_eece454_001189.jpg,10
test_2022_eece454_001190.jpg,2
test_2022_eece454_001191.jpg,12
test_2022_eece454_001192.jpg,1
test_2022_eece454_001193.jpg,0
test_2022_eece454_001194.jpg,8
test_2022_eece454_001195.jpg,13
test_2022_eece454_001196.jpg,11
test_2022_eece454_001197.jpg,6
test_2022_eece454_001198.jpg,7
test_2022_eece454_001199.jpg,7
test_2022_eece454_001200.jpg,1
test_2022_eece454_001201.jpg,1
test_2022_eece454_001202.jpg,0
test_2022_eece454_001203.jpg,5
test_2022_eece454_001204.jpg,5
test_2022_eece454_001205.jpg,4
test_2022_eece454_001206.jpg,11
test_2022_eece454_001207.jpg,11
test_2022_eece454_001208.jpg,12
test_2022_eece454_001209.jpg,6
test_2022_eece454_001210.jpg,0
test_2022_eece454_001211.jpg,13
test_2022_eece454_001212.jpg,8
test_2022_eece454_001213.jpg,2
test_2022_eece454_001214.jpg,4
test_2022_eece454_001215.jpg,8
test_2022_eece454_001216.jpg,0
test_2022_eece454_001217.jpg,14
test_2022_eece454_001218.jpg,2
test_2022_eece454_001219.jpg,7
test_2022_eece454_001220.jpg,6
test_2022_eece454_001221.jpg,8
test_2022_eece454_001222.jpg,1
test_2022_eece454_001223.jpg,8
test_2022_eece454_001224.jpg,6
test_2022_eece454_001225.jpg,11
test_2022_eece454_001226.jpg,14
test_2022_eece454_001227.jpg,8
test_2022_eece454_001228.jpg,5
test_2022_eece454_001229.jpg,14
test_2022_eece454_001230.jpg,0
test_2022_eece454_001231.jpg,3
test_2022_eece454_001232.jpg,0
test_2022_eece454_001233.jpg,2
test_2022_eece454_001234.jpg,3
test_2022_eece454_001235.jpg,7
test_2022_eece454_001236.jpg,12
test_2022_eece454_001237.jpg,11
test_2022_eece454_001238.jpg,2
test_2022_eece454_001239.jpg,10
test_2022_eece454_001240.jpg,14
test_2022_eece454_001241.jpg,5
test_2022_eece454_001242.jpg,10
test_2022_eece454_001243.jpg,1
test_2022_eece454_001244.jpg,2
test_2022_eece454_001245.jpg,12
test_2022_eece454_001246.jpg,11
test_2022_eece454_001247.jpg,10
test_2022_eece454_001248.jpg,9
test_2022_eece454_001249.jpg,6
test_2022_eece454_001250.jpg,9
test_2022_eece454_001251.jpg,8
test_2022_eece454_001252.jpg,7
test_2022_eece454_001253.jpg,2
test_2022_eece454_001254.jpg,2
test_2022_eece454_001255.jpg,12
test_2022_eece454_001256.jpg,10
test_2022_eece454_001257.jpg,13
test_2022_eece454_001258.jpg,14
test_2022_eece454_001259.jpg,11
test_2022_eece454_001260.jpg,0
test_2022_eece454_001261.jpg,14
test_2022_eece454_001262.jpg,1
test_2022_eece454_001263.jpg,2
test_2022_eece454_001264.jpg,6
test_2022_eece454_001265.jpg,8
test_2022_eece454_001266.jpg,0
test_2022_eece454_001267.jpg,6
test_2022_eece454_001268.jpg,12
test_2022_eece454_001269.jpg,7
test_2022_eece454_001270.jpg,13
test_2022_eece454_001271.jpg,10
test_2022_eece454_001272.jpg,10
test_2022_eece454_001273.jpg,9
test_2022_eece454_001274.jpg,13
test_2022_eece454_001275.jpg,1
test_2022_eece454_001276.jpg,0
test_2022_eece454_001277.jpg,14
test_2022_eece454_001278.jpg,5
test_2022_eece454_001279.jpg,10
test_2022_eece454_001280.jpg,2
test_2022_eece454_001281.jpg,3
test_2022_eece454_001282.jpg,9
test_2022_eece454_001283.jpg,14
test_2022_eece454_001284.jpg,1
test_2022_eece454_001285.jpg,2
test_2022_eece454_001286.jpg,9
test_2022_eece454_001287.jpg,9
test_2022_eece454_001288.jpg,5
test_2022_eece454_001289.jpg,12
test_2022_eece454_001290.jpg,13
test_2022_eece454_001291.jpg,10
test_2022_eece454_001292.jpg,12
test_2022_eece454_001293.jpg,0
test_2022_eece454_001294.jpg,4
test_2022_eece454_001295.jpg,14
test_2022_eece454_001296.jpg,14
test_2022_eece454_001297.jpg,11
test_2022_eece454_001298.jpg,1
test_2022_eece454_001299.jpg,9
test_2022_eece454_001300.jpg,3
test_2022_eece454_001301.jpg,1
test_2022_eece454_001302.jpg,11
test_2022_eece454_001303.jpg,6
test_2022_eece454_001304.jpg,13
test_2022_eece454_001305.jpg,9
test_2022_eece454_001306.jpg,2
test_2022_eece454_001307.jpg,8
test_2022_eece454_001308.jpg,9
test_2022_eece454_001309.jpg,11
test_2022_eece454_001310.jpg,6
test_2022_eece454_001311.jpg,6
test_2022_eece454_001312.jpg,6
test_2022_eece454_001313.jpg,5
test_2022_eece454_001314.jpg,8
test_2022_eece454_001315.jpg,2
test_2022_eece454_001316.jpg,6
test_2022_eece454_001317.jpg,2
test_2022_eece454_001318.jpg,5
test_2022_eece454_001319.jpg,1
test_2022_eece454_001320.jpg,7
test_2022_eece454_001321.jpg,12
test_2022_eece454_001322.jpg,1
test_2022_eece454_001323.jpg,9
test_2022_eece454_001324.jpg,2
test_2022_eece454_001325.jpg,3
test_2022_eece454_001326.jpg,7
test_2022_eece454_001327.jpg,1
test_2022_eece454_001328.jpg,1
test_2022_eece454_001329.jpg,3
test_2022_eece454_001330.jpg,10
test_2022_eece454_001331.jpg,14
test_2022_eece454_001332.jpg,13
test_2022_eece454_001333.jpg,3
test_2022_eece454_001334.jpg,9
test_2022_eece454_001335.jpg,3
test_2022_eece454_001336.jpg,6
test_2022_eece454_001337.jpg,3
test_2022_eece454_001338.jpg,8
test_2022_eece454_001339.jpg,6
test_2022_eece454_001340.jpg,10
test_2022_eece454_001341.jpg,0
test_2022_eece454_001342.jpg,12
test_2022_eece454_001343.jpg,6
test_2022_eece454_001344.jpg,14
test_2022_eece454_001345.jpg,9
test_2022_eece454_001346.jpg,12
test_2022_eece454_001347.jpg,3
test_2022_eece454_001348.jpg,3
test_2022_eece454_001349.jpg,8
test_2022_eece454_001350.jpg,4
test_2022_eece454_001351.jpg,1
test_2022_eece454_001352.jpg,1
test_2022_eece454_001353.jpg,0
test_2022_eece454_001354.jpg,13
test_2022_eece454_001355.jpg,3
test_2022_eece454_001356.jpg,4
test_2022_eece454_001357.jpg,1
test_2022_eece454_001358.jpg,10
test_2022_eece454_001359.jpg,1
test_2022_eece454_001360.jpg,9
test_2022_eece454_001361.jpg,1
test_2022_eece454_001362.jpg,14
test_2022_eece454_001363.jpg,4
test_2022_eece454_001364.jpg,6
test_2022_eece454_001365.jpg,13
test_2022_eece454_001366.jpg,7
test_2022_eece454_001367.jpg,9
test_2022_eece454_001368.jpg,5
test_2022_eece454_001369.jpg,6
test_2022_eece454_001370.jpg,0
test_2022_eece454_001371.jpg,11
test_2022_eece454_001372.jpg,7
test_2022_eece454_001373.jpg,8
test_2022_eece454_001374.jpg,10
test_2022_eece454_001375.jpg,14
test_2022_eece454_001376.jpg,2
test_2022_eece454_001377.jpg,0
test_2022_eece454_001378.jpg,2
test_2022_eece454_001379.jpg,10
test_2022_eece454_001380.jpg,5
test_2022_eece454_001381.jpg,9
test_2022_eece454_001382.jpg,4
test_2022_eece454_001383.jpg,14
test_2022_eece454_001384.jpg,3
test_2022_eece454_001385.jpg,13
test_2022_eece454_001386.jpg,4
test_2022_eece454_001387.jpg,11
test_2022_eece454_001388.jpg,1
test_2022_eece454_001389.jpg,9
test_2022_eece454_001390.jpg,6
test_2022_eece454_001391.jpg,3
test_2022_eece454_001392.jpg,2
test_2022_eece454_001393.jpg,13
test_2022_eece454_001394.jpg,1
test_2022_eece454_001395.jpg,14
test_2022_eece454_001396.jpg,14
test_2022_eece454_001397.jpg,3
test_2022_eece454_001398.jpg,9
test_2022_eece454_001399.jpg,3
test_2022_eece454_001400.jpg,8
test_2022_eece454_001401.jpg,7
test_2022_eece454_001402.jpg,1
test_2022_eece454_001403.jpg,10
test_2022_eece454_001404.jpg,3
test_2022_eece454_001405.jpg,3
test_2022_eece454_001406.jpg,8
test_2022_eece454_001407.jpg,6
test_2022_eece454_001408.jpg,0
test_2022_eece454_001409.jpg,8
test_2022_eece454_001410.jpg,9
test_2022_eece454_001411.jpg,13
test_2022_eece454_001412.jpg,13
test_2022_eece454_001413.jpg,12
test_2022_eece454_001414.jpg,9
test_2022_eece454_001415.jpg,5
test_2022_eece454_001416.jpg,14
test_2022_eece454_001417.jpg,6
test_2022_eece454_001418.jpg,5
test_2022_eece454_001419.jpg,6
test_2022_eece454_001420.jpg,4
test_2022_eece454_001421.jpg,8
test_2022_eece454_001422.jpg,6
test_2022_eece454_001423.jpg,8
test_2022_eece454_001424.jpg,7
test_2022_eece454_001425.jpg,4
test_2022_eece454_001426.jpg,10
test_2022_eece454_001427.jpg,8
test_2022_eece454_001428.jpg,10
test_2022_eece454_001429.jpg,10
test_2022_eece454_001430.jpg,6
test_2022_eece454_001431.jpg,6
test_2022_eece454_001432.jpg,9
test_2022_eece454_001433.jpg,8
test_2022_eece454_001434.jpg,8
test_2022_eece454_001435.jpg,14
test_2022_eece454_001436.jpg,2
test_2022_eece454_001437.jpg,11
test_2022_eece454_001438.jpg,5
test_2022_eece454_001439.jpg,9
test_2022_eece454_001440.jpg,13
test_2022_eece454_001441.jpg,6
test_2022_eece454_001442.jpg,12
test_2022_eece454_001443.jpg,9
test_2022_eece454_001444.jpg,2
test_2022_eece454_001445.jpg,9
test_2022_eece454_001446.jpg,9
test_2022_eece454_001447.jpg,8
test_2022_eece454_001448.jpg,3
test_2022_eece454_001449.jpg,4
test_2022_eece454_001450.jpg,12
test_2022_eece454_001451.jpg,9
test_2022_eece454_001452.jpg,6
test_2022_eece454_001453.jpg,13
test_2022_eece454_001454.jpg,5
test_2022_eece454_001455.jpg,0
test_2022_eece454_001456.jpg,4
test_2022_eece454_001457.jpg,10
test_2022_eece454_001458.jpg,3
test_2022_eece454_001459.jpg,4
test_2022_eece454_001460.jpg,3
test_2022_eece454_001461.jpg,10
test_2022_eece454_001462.jpg,9
test_2022_eece454_001463.jpg,10
test_2022_eece454_001464.jpg,6
test_2022_eece454_001465.jpg,4
test_2022_eece454_001466.jpg,0
test_2022_eece454_001467.jpg,6
test_2022_eece454_001468.jpg,5
test_2022_eece454_001469.jpg,2
test_2022_eece454_001470.jpg,3
test_2022_eece454_001471.jpg,7
test_2022_eece454_001472.jpg,8
test_2022_eece454_001473.jpg,4
test_2022_eece454_001474.jpg,7
test_2022_eece454_001475.jpg,7
test_2022_eece454_001476.jpg,9
test_2022_eece454_001477.jpg,7
test_2022_eece454_001478.jpg,12
test_2022_eece454_001479.jpg,12
test_2022_eece454_001480.jpg,12
test_2022_eece454_001481.jpg,8
test_2022_eece454_001482.jpg,10
test_2022_eece454_001483.jpg,9
test_2022_eece454_001484.jpg,10
test_2022_eece454_001485.jpg,5
test_2022_eece454_001486.jpg,4
test_2022_eece454_001487.jpg,12
test_2022_eece454_001488.jpg,9
test_2022_eece454_001489.jpg,7
test_2022_eece454_001490.jpg,4
test_2022_eece454_001491.jpg,5
test_2022_eece454_001492.jpg,0
test_2022_eece454_001493.jpg,6
test_2022_eece454_001494.jpg,6
test_2022_eece454_001495.jpg,13
test_2022_eece454_001496.jpg,2
test_2022_eece454_001497.jpg,8
test_2022_eece454_001498.jpg,4
test_2022_eece454_001499.jpg,9
test_2022_eece454_001500.jpg,12
test_2022_eece454_001501.jpg,0
test_2022_eece454_001502.jpg,0
test_2022_eece454_001503.jpg,6
test_2022_eece454_001504.jpg,12
test_2022_eece454_001505.jpg,9
test_2022_eece454_001506.jpg,2
test_2022_eece454_001507.jpg,2
test_2022_eece454_001508.jpg,8
test_2022_eece454_001509.jpg,4
test_2022_eece454_001510.jpg,2
test_2022_eece454_001511.jpg,12
test_2022_eece454_001512.jpg,12
test_2022_eece454_001513.jpg,8
test_2022_eece454_001514.jpg,6
test_2022_eece454_001515.jpg,9
test_2022_eece454_001516.jpg,0
test_2022_eece454_001517.jpg,10
test_2022_eece454_001518.jpg,2
test_2022_eece454_001519.jpg,9
test_2022_eece454_001520.jpg,10
test_2022_eece454_001521.jpg,1
test_2022_eece454_001522.jpg,11
test_2022_eece454_001523.jpg,13
test_2022_eece454_001524.jpg,12
test_2022_eece454_001525.jpg,12
test_2022_eece454_001526.jpg,13
test_2022_eece454_001527.jpg,0
test_2022_eece454_001528.jpg,13
test_2022_eece454_001529.jpg,9
test_2022_eece454_001530.jpg,1
test_2022_eece454_001531.jpg,2
test_2022_eece454_001532.jpg,10
test_2022_eece454_001533.jpg,7
test_2022_eece454_001534.jpg,11
test_2022_eece454_001535.jpg,9
test_2022_eece454_001536.jpg,2
test_2022_eece454_001537.jpg,13
test_2022_eece454_001538.jpg,9
test_2022_eece454_001539.jpg,11
test_2022_eece454_001540.jpg,6
test_2022_eece454_001541.jpg,7
test_2022_eece454_001542.jpg,13
test_2022_eece454_001543.jpg,12
test_2022_eece454_001544.jpg,2
test_2022_eece454_001545.jpg,1
test_2022_eece454_001546.jpg,5
test_2022_eece454_001547.jpg,12
test_2022_eece454_001548.jpg,12
test_2022_eece454_001549.jpg,0
test_2022_eece454_001550.jpg,10
test_2022_eece454_001551.jpg,6
test_2022_eece454_001552.jpg,10
test_2022_eece454_001553.jpg,7
test_2022_eece454_001554.jpg,3
test_2022_eece454_001555.jpg,8
test_2022_eece454_001556.jpg,3
test_2022_eece454_001557.jpg,10
test_2022_eece454_001558.jpg,1
test_2022_eece454_001559.jpg,13
test_2022_eece454_001560.jpg,8
test_2022_eece454_001561.jpg,6
test_2022_eece454_001562.jpg,7
test_2022_eece454_001563.jpg,7
test_2022_eece454_001564.jpg,5
test_2022_eece454_001565.jpg,13
test_2022_eece454_001566.jpg,6
test_2022_eece454_001567.jpg,3
test_2022_eece454_001568.jpg,8
test_2022_eece454_001569.jpg,14
test_2022_eece454_001570.jpg,7
test_2022_eece454_001571.jpg,11
test_2022_eece454_001572.jpg,12
test_2022_eece454_001573.jpg,6
test_2022_eece454_001574.jpg,7
test_2022_eece454_001575.jpg,4
test_2022_eece454_001576.jpg,10
test_2022_eece454_001577.jpg,10
test_2022_eece454_001578.jpg,5
test_2022_eece454_001579.jpg,1
test_2022_eece454_001580.jpg,4
test_2022_eece454_001581.jpg,9
test_2022_eece454_001582.jpg,4
test_2022_eece454_001583.jpg,1
test_2022_eece454_001584.jpg,5
test_2022_eece454_001585.jpg,2
test_2022_eece454_001586.jpg,10
test_2022_eece454_001587.jpg,10
test_2022_eece454_001588.jpg,0
test_2022_eece454_001589.jpg,13
test_2022_eece454_001590.jpg,1
test_2022_eece454_001591.jpg,12
test_2022_eece454_001592.jpg,1
test_2022_eece454_001593.jpg,3
test_2022_eece454_001594.jpg,5
test_2022_eece454_001595.jpg,3
test_2022_eece454_001596.jpg,10
test_2022_eece454_001597.jpg,5
test_2022_eece454_001598.jpg,6
test_2022_eece454_001599.jpg,1
test_2022_eece454_001600.jpg,14
test_2022_eece454_001601.jpg,2
test_2022_eece454_001602.jpg,0
test_2022_eece454_001603.jpg,1
test_2022_eece454_001604.jpg,3
test_2022_eece454_001605.jpg,0
test_2022_eece454_001606.jpg,14
test_2022_eece454_001607.jpg,12
test_2022_eece454_001608.jpg,4
test_2022_eece454_001609.jpg,1
test_2022_eece454_001610.jpg,13
test_2022_eece454_001611.jpg,1
test_2022_eece454_001612.jpg,9
test_2022_eece454_001613.jpg,13
test_2022_eece454_001614.jpg,8
test_2022_eece454_001615.jpg,4
test_2022_eece454_001616.jpg,4
test_2022_eece454_001617.jpg,11
test_2022_eece454_001618.jpg,14
test_2022_eece454_001619.jpg,6
test_2022_eece454_001620.jpg,12
test_2022_eece454_001621.jpg,9
test_2022_eece454_001622.jpg,2
test_2022_eece454_001623.jpg,7
test_2022_eece454_001624.jpg,10
test_2022_eece454_001625.jpg,14
test_2022_eece454_001626.jpg,3
test_2022_eece454_001627.jpg,3
test_2022_eece454_001628.jpg,10
test_2022_eece454_001629.jpg,9
test_2022_eece454_001630.jpg,12
test_2022_eece454_001631.jpg,11
test_2022_eece454_001632.jpg,6
test_2022_eece454_001633.jpg,6
test_2022_eece454_001634.jpg,13
test_2022_eece454_001635.jpg,0
test_2022_eece454_001636.jpg,14
test_2022_eece454_001637.jpg,10
test_2022_eece454_001638.jpg,2
test_2022_eece454_001639.jpg,2
test_2022_eece454_001640.jpg,13
test_2022_eece454_001641.jpg,7
test_2022_eece454_001642.jpg,7
test_2022_eece454_001643.jpg,13
test_2022_eece454_001644.jpg,1
test_2022_eece454_001645.jpg,2
test_2022_eece454_001646.jpg,10
test_2022_eece454_001647.jpg,5
test_2022_eece454_001648.jpg,6
test_2022_eece454_001649.jpg,10
test_2022_eece454_001650.jpg,7
test_2022_eece454_001651.jpg,4
test_2022_eece454_001652.jpg,2
test_2022_eece454_001653.jpg,13
test_2022_eece454_001654.jpg,5
test_2022_eece454_001655.jpg,9
test_2022_eece454_001656.jpg,5
test_2022_eece454_001657.jpg,13
test_2022_eece454_001658.jpg,7
test_2022_eece454_001659.jpg,1
test_2022_eece454_001660.jpg,0
test_2022_eece454_001661.jpg,14
test_2022_eece454_001662.jpg,13
test_2022_eece454_001663.jpg,7
test_2022_eece454_001664.jpg,14
test_2022_eece454_001665.jpg,10
test_2022_eece454_001666.jpg,9
test_2022_eece454_001667.jpg,5
test_2022_eece454_001668.jpg,2
test_2022_eece454_001669.jpg,13
test_2022_eece454_001670.jpg,8
test_2022_eece454_001671.jpg,0
test_2022_eece454_001672.jpg,0
test_2022_eece454_001673.jpg,3
test_2022_eece454_001674.jpg,13
test_2022_eece454_001675.jpg,0
test_2022_eece454_001676.jpg,0
test_2022_eece454_001677.jpg,11
test_2022_eece454_001678.jpg,12
test_2022_eece454_001679.jpg,5
test_2022_eece454_001680.jpg,6
test_2022_eece454_001681.jpg,1
test_2022_eece454_001682.jpg,4
test_2022_eece454_001683.jpg,4
test_2022_eece454_001684.jpg,2
test_2022_eece454_001685.jpg,10
test_2022_eece454_001686.jpg,13
test_2022_eece454_001687.jpg,4
test_2022_eece454_001688.jpg,1
test_2022_eece454_001689.jpg,1
test_2022_eece454_001690.jpg,7
test_2022_eece454_001691.jpg,4
test_2022_eece454_001692.jpg,8
test_2022_eece454_001693.jpg,9
test_2022_eece454_001694.jpg,1
test_2022_eece454_001695.jpg,0
test_2022_eece454_001696.jpg,3
test_2022_eece454_001697.jpg,1
test_2022_eece454_001698.jpg,7
test_2022_eece454_001699.jpg,11
test_2022_eece454_001700.jpg,10
test_2022_eece454_001701.jpg,8
test_2022_eece454_001702.jpg,9
test_2022_eece454_001703.jpg,1
test_2022_eece454_001704.jpg,4
test_2022_eece454_001705.jpg,4
test_2022_eece454_001706.jpg,5
test_2022_eece454_001707.jpg,7
test_2022_eece454_001708.jpg,5
test_2022_eece454_001709.jpg,4
test_2022_eece454_001710.jpg,8
test_2022_eece454_001711.jpg,13
test_2022_eece454_001712.jpg,1
test_2022_eece454_001713.jpg,3
test_2022_eece454_001714.jpg,1
test_2022_eece454_001715.jpg,12
test_2022_eece454_001716.jpg,7
test_2022_eece454_001717.jpg,3
test_2022_eece454_001718.jpg,10
test_2022_eece454_001719.jpg,13
test_2022_eece454_001720.jpg,5
test_2022_eece454_001721.jpg,2
test_2022_eece454_001722.jpg,13
test_2022_eece454_001723.jpg,9
test_2022_eece454_001724.jpg,3
test_2022_eece454_001725.jpg,0
test_2022_eece454_001726.jpg,14
test_2022_eece454_001727.jpg,5
test_2022_eece454_001728.jpg,5
test_2022_eece454_001729.jpg,3
test_2022_eece454_001730.jpg,6
test_2022_eece454_001731.jpg,3
test_2022_eece454_001732.jpg,11
test_2022_eece454_001733.jpg,4
test_2022_eece454_001734.jpg,2
test_2022_eece454_001735.jpg,9
test_2022_eece454_001736.jpg,1
test_2022_eece454_001737.jpg,8
test_2022_eece454_001738.jpg,7
test_2022_eece454_001739.jpg,5
test_2022_eece454_001740.jpg,4
test_2022_eece454_001741.jpg,5
test_2022_eece454_001742.jpg,6
test_2022_eece454_001743.jpg,1
test_2022_eece454_001744.jpg,14
test_2022_eece454_001745.jpg,12
test_2022_eece454_001746.jpg,5
test_2022_eece454_001747.jpg,7
test_2022_eece454_001748.jpg,4
test_2022_eece454_001749.jpg,12
test_2022_eece454_001750.jpg,4
test_2022_eece454_001751.jpg,4
test_2022_eece454_001752.jpg,1
test_2022_eece454_001753.jpg,7
test_2022_eece454_001754.jpg,3
test_2022_eece454_001755.jpg,11
test_2022_eece454_001756.jpg,0
test_2022_eece454_001757.jpg,3
test_2022_eece454_001758.jpg,6
test_2022_eece454_001759.jpg,11
test_2022_eece454_001760.jpg,13
test_2022_eece454_001761.jpg,2
test_2022_eece454_001762.jpg,5
test_2022_eece454_001763.jpg,10
test_2022_eece454_001764.jpg,8
test_2022_eece454_001765.jpg,6
test_2022_eece454_001766.jpg,6
test_2022_eece454_001767.jpg,14
test_2022_eece454_001768.jpg,7
test_2022_eece454_001769.jpg,10
test_2022_eece454_001770.jpg,5
test_2022_eece454_001771.jpg,11
test_2022_eece454_001772.jpg,10
test_2022_eece454_001773.jpg,0
test_2022_eece454_001774.jpg,3
test_2022_eece454_001775.jpg,13
test_2022_eece454_001776.jpg,6
test_2022_eece454_001777.jpg,3
test_2022_eece454_001778.jpg,3
test_2022_eece454_001779.jpg,13
test_2022_eece454_001780.jpg,10
test_2022_eece454_001781.jpg,13
test_2022_eece454_001782.jpg,13
test_2022_eece454_001783.jpg,1
test_2022_eece454_001784.jpg,12
test_2022_eece454_001785.jpg,14
test_2022_eece454_001786.jpg,13
test_2022_eece454_001787.jpg,11
test_2022_eece454_001788.jpg,3
test_2022_eece454_001789.jpg,5
test_2022_eece454_001790.jpg,8
test_2022_eece454_001791.jpg,4
test_2022_eece454_001792.jpg,7
test_2022_eece454_001793.jpg,9
test_2022_eece454_001794.jpg,10
test_2022_eece454_001795.jpg,7
test_2022_eece454_001796.jpg,13
test_2022_eece454_001797.jpg,4
test_2022_eece454_001798.jpg,1
test_2022_eece454_001799.jpg,6
test_2022_eece454_001800.jpg,5
test_2022_eece454_001801.jpg,6
test_2022_eece454_001802.jpg,0
test_2022_eece454_001803.jpg,11
test_2022_eece454_001804.jpg,1
test_2022_eece454_001805.jpg,14
test_2022_eece454_001806.jpg,2
test_2022_eece454_001807.jpg,5
test_2022_eece454_001808.jpg,5
test_2022_eece454_001809.jpg,7
test_2022_eece454_001810.jpg,3
test_2022_eece454_001811.jpg,3
test_2022_eece454_001812.jpg,1
test_2022_eece454_001813.jpg,1
test_2022_eece454_001814.jpg,14
test_2022_eece454_001815.jpg,13
test_2022_eece454_001816.jpg,1
test_2022_eece454_001817.jpg,4
test_2022_eece454_001818.jpg,9
test_2022_eece454_001819.jpg,3
test_2022_eece454_001820.jpg,14
test_2022_eece454_001821.jpg,5
test_2022_eece454_001822.jpg,12
test_2022_eece454_001823.jpg,1
test_2022_eece454_001824.jpg,5
test_2022_eece454_001825.jpg,9
test_2022_eece454_001826.jpg,6
test_2022_eece454_001827.jpg,11
test_2022_eece454_001828.jpg,14
test_2022_eece454_001829.jpg,10
test_2022_eece454_001830.jpg,13
test_2022_eece454_001831.jpg,12
test_2022_eece454_001832.jpg,11
test_2022_eece454_001833.jpg,1
test_2022_eece454_001834.jpg,13
test_2022_eece454_001835.jpg,10
test_2022_eece454_001836.jpg,14
test_2022_eece454_001837.jpg,7
test_2022_eece454_001838.jpg,13
test_2022_eece454_001839.jpg,9
test_2022_eece454_001840.jpg,13
test_2022_eece454_001841.jpg,12
test_2022_eece454_001842.jpg,9
test_2022_eece454_001843.jpg,2
test_2022_eece454_001844.jpg,5
test_2022_eece454_001845.jpg,9
test_2022_eece454_001846.jpg,11
test_2022_eece454_001847.jpg,14
test_2022_eece454_001848.jpg,12
test_2022_eece454_001849.jpg,7
test_2022_eece454_001850.jpg,7
test_2022_eece454_001851.jpg,3
test_2022_eece454_001852.jpg,12
test_2022_eece454_001853.jpg,6
test_2022_eece454_001854.jpg,7
test_2022_eece454_001855.jpg,8
test_2022_eece454_001856.jpg,6
test_2022_eece454_001857.jpg,5
test_2022_eece454_001858.jpg,3
test_2022_eece454_001859.jpg,9
test_2022_eece454_001860.jpg,2
test_2022_eece454_001861.jpg,0
test_2022_eece454_001862.jpg,1
test_2022_eece454_001863.jpg,9
test_2022_eece454_001864.jpg,9
test_2022_eece454_001865.jpg,11
test_2022_eece454_001866.jpg,11
test_2022_eece454_001867.jpg,9
test_2022_eece454_001868.jpg,4
test_2022_eece454_001869.jpg,8
test_2022_eece454_001870.jpg,6
test_2022_eece454_001871.jpg,5
test_2022_eece454_001872.jpg,10
test_2022_eece454_001873.jpg,7
test_2022_eece454_001874.jpg,8
test_2022_eece454_001875.jpg,14
test_2022_eece454_001876.jpg,1
test_2022_eece454_001877.jpg,13
test_2022_eece454_001878.jpg,4
test_2022_eece454_001879.jpg,1
test_2022_eece454_001880.jpg,13
test_2022_eece454_001881.jpg,7
test_2022_eece454_001882.jpg,11
test_2022_eece454_001883.jpg,4
test_2022_eece454_001884.jpg,8
test_2022_eece454_001885.jpg,11
test_2022_eece454_001886.jpg,14
test_2022_eece454_001887.jpg,3
test_2022_eece454_001888.jpg,14
test_2022_eece454_001889.jpg,7
test_2022_eece454_001890.jpg,6
test_2022_eece454_001891.jpg,8
test_2022_eece454_001892.jpg,1
test_2022_eece454_001893.jpg,14
test_2022_eece454_001894.jpg,10
test_2022_eece454_001895.jpg,7
test_2022_eece454_001896.jpg,14
test_2022_eece454_001897.jpg,1
test_2022_eece454_001898.jpg,7
test_2022_eece454_001899.jpg,8
test_2022_eece454_001900.jpg,3
test_2022_eece454_001901.jpg,13
test_2022_eece454_001902.jpg,4
test_2022_eece454_001903.jpg,12
test_2022_eece454_001904.jpg,10
test_2022_eece454_001905.jpg,14
test_2022_eece454_001906.jpg,10
test_2022_eece454_001907.jpg,4
test_2022_eece454_001908.jpg,5
test_2022_eece454_001909.jpg,13
test_2022_eece454_001910.jpg,3
test_2022_eece454_001911.jpg,1
test_2022_eece454_001912.jpg,9
test_2022_eece454_001913.jpg,13
test_2022_eece454_001914.jpg,9
test_2022_eece454_001915.jpg,9
test_2022_eece454_001916.jpg,1
test_2022_eece454_001917.jpg,5
test_2022_eece454_001918.jpg,3
test_2022_eece454_001919.jpg,2
test_2022_eece454_001920.jpg,5
test_2022_eece454_001921.jpg,14
test_2022_eece454_001922.jpg,1
test_2022_eece454_001923.jpg,1
test_2022_eece454_001924.jpg,1
test_2022_eece454_001925.jpg,5
test_2022_eece454_001926.jpg,13
test_2022_eece454_001927.jpg,5
test_2022_eece454_001928.jpg,5
test_2022_eece454_001929.jpg,7
test_2022_eece454_001930.jpg,0
test_2022_eece454_001931.jpg,7
test_2022_eece454_001932.jpg,14
test_2022_eece454_001933.jpg,10
test_2022_eece454_001934.jpg,14
test_2022_eece454_001935.jpg,12
test_2022_eece454_001936.jpg,4
test_2022_eece454_001937.jpg,11
test_2022_eece454_001938.jpg,4
test_2022_eece454_001939.jpg,12
test_2022_eece454_001940.jpg,9
test_2022_eece454_001941.jpg,9
test_2022_eece454_001942.jpg,1
test_2022_eece454_001943.jpg,7
test_2022_eece454_001944.jpg,1
test_2022_eece454_001945.jpg,9
test_2022_eece454_001946.jpg,12
test_2022_eece454_001947.jpg,9
test_2022_eece454_001948.jpg,4
test_2022_eece454_001949.jpg,6
test_2022_eece454_001950.jpg,8
test_2022_eece454_001951.jpg,9
test_2022_eece454_001952.jpg,2
test_2022_eece454_001953.jpg,1
test_2022_eece454_001954.jpg,14
test_2022_eece454_001955.jpg,6
test_2022_eece454_001956.jpg,1
test_2022_eece454_001957.jpg,7
test_2022_eece454_001958.jpg,10
test_2022_eece454_001959.jpg,1
test_2022_eece454_001960.jpg,9
test_2022_eece454_001961.jpg,12
test_2022_eece454_001962.jpg,2
test_2022_eece454_001963.jpg,3
test_2022_eece454_001964.jpg,8
test_2022_eece454_001965.jpg,6
test_2022_eece454_001966.jpg,7
test_2022_eece454_001967.jpg,13
test_2022_eece454_001968.jpg,6
test_2022_eece454_001969.jpg,14
test_2022_eece454_001970.jpg,9
test_2022_eece454_001971.jpg,8
test_2022_eece454_001972.jpg,7
test_2022_eece454_001973.jpg,14
test_2022_eece454_001974.jpg,10
test_2022_eece454_001975.jpg,3
test_2022_eece454_001976.jpg,1
test_2022_eece454_001977.jpg,9
test_2022_eece454_001978.jpg,1
test_2022_eece454_001979.jpg,1
test_2022_eece454_001980.jpg,4
test_2022_eece454_001981.jpg,12
test_2022_eece454_001982.jpg,2
test_2022_eece454_001983.jpg,5
test_2022_eece454_001984.jpg,1
test_2022_eece454_001985.jpg,11
test_2022_eece454_001986.jpg,1
test_2022_eece454_001987.jpg,12
test_2022_eece454_001988.jpg,8
test_2022_eece454_001989.jpg,4
test_2022_eece454_001990.jpg,0
test_2022_eece454_001991.jpg,6
test_2022_eece454_001992.jpg,4
test_2022_eece454_001993.jpg,9
test_2022_eece454_001994.jpg,12
test_2022_eece454_001995.jpg,6
test_2022_eece454_001996.jpg,13
test_2022_eece454_001997.jpg,5
test_2022_eece454_001998.jpg,5
test_2022_eece454_001999.jpg,3
test_2022_eece454_002000.jpg,9
test_2022_eece454_002001.jpg,1
test_2022_eece454_002002.jpg,3
test_2022_eece454_002003.jpg,11
test_2022_eece454_002004.jpg,3
test_2022_eece454_002005.jpg,10
test_2022_eece454_002006.jpg,10
test_2022_eece454_002007.jpg,6
test_2022_eece454_002008.jpg,13
test_2022_eece454_002009.jpg,5
test_2022_eece454_002010.jpg,11
test_2022_eece454_002011.jpg,0
test_2022_eece454_002012.jpg,8
test_2022_eece454_002013.jpg,0
test_2022_eece454_002014.jpg,14
test_2022_eece454_002015.jpg,0
test_2022_eece454_002016.jpg,5
test_2022_eece454_002017.jpg,13
test_2022_eece454_002018.jpg,13
test_2022_eece454_002019.jpg,5
test_2022_eece454_002020.jpg,13
test_2022_eece454_002021.jpg,9
test_2022_eece454_002022.jpg,10
test_2022_eece454_002023.jpg,10
test_2022_eece454_002024.jpg,6
test_2022_eece454_002025.jpg,4
test_2022_eece454_002026.jpg,3
test_2022_eece454_002027.jpg,11
test_2022_eece454_002028.jpg,14
test_2022_eece454_002029.jpg,11
test_2022_eece454_002030.jpg,13
test_2022_eece454_002031.jpg,4
test_2022_eece454_002032.jpg,13
test_2022_eece454_002033.jpg,11
test_2022_eece454_002034.jpg,14
test_2022_eece454_002035.jpg,7
test_2022_eece454_002036.jpg,9
test_2022_eece454_002037.jpg,2
test_2022_eece454_002038.jpg,8
test_2022_eece454_002039.jpg,13
test_2022_eece454_002040.jpg,6
test_2022_eece454_002041.jpg,3
test_2022_eece454_002042.jpg,3
test_2022_eece454_002043.jpg,14
test_2022_eece454_002044.jpg,3
test_2022_eece454_002045.jpg,9
test_2022_eece454_002046.jpg,11
test_2022_eece454_002047.jpg,11
test_2022_eece454_002048.jpg,12
test_2022_eece454_002049.jpg,9
test_2022_eece454_002050.jpg,2
test_2022_eece454_002051.jpg,6
test_2022_eece454_002052.jpg,4
test_2022_eece454_002053.jpg,0
test_2022_eece454_002054.jpg,13
test_2022_eece454_002055.jpg,14
test_2022_eece454_002056.jpg,9
test_2022_eece454_002057.jpg,3
test_2022_eece454_002058.jpg,7
test_2022_eece454_002059.jpg,2
test_2022_eece454_002060.jpg,1
test_2022_eece454_002061.jpg,2
test_2022_eece454_002062.jpg,11
test_2022_eece454_002063.jpg,5
test_2022_eece454_002064.jpg,9
test_2022_eece454_002065.jpg,10
test_2022_eece454_002066.jpg,13
test_2022_eece454_002067.jpg,0
test_2022_eece454_002068.jpg,0
test_2022_eece454_002069.jpg,9
test_2022_eece454_002070.jpg,11
test_2022_eece454_002071.jpg,6
test_2022_eece454_002072.jpg,7
test_2022_eece454_002073.jpg,9
test_2022_eece454_002074.jpg,8
test_2022_eece454_002075.jpg,5
test_2022_eece454_002076.jpg,13
test_2022_eece454_002077.jpg,12
test_2022_eece454_002078.jpg,6
test_2022_eece454_002079.jpg,9
test_2022_eece454_002080.jpg,4
test_2022_eece454_002081.jpg,1
test_2022_eece454_002082.jpg,9
test_2022_eece454_002083.jpg,2
test_2022_eece454_002084.jpg,3
test_2022_eece454_002085.jpg,4
test_2022_eece454_002086.jpg,3
test_2022_eece454_002087.jpg,14
test_2022_eece454_002088.jpg,0
test_2022_eece454_002089.jpg,3
test_2022_eece454_002090.jpg,5
test_2022_eece454_002091.jpg,4
test_2022_eece454_002092.jpg,6
test_2022_eece454_002093.jpg,11
test_2022_eece454_002094.jpg,7
test_2022_eece454_002095.jpg,12
test_2022_eece454_002096.jpg,10
test_2022_eece454_002097.jpg,2
test_2022_eece454_002098.jpg,0
test_2022_eece454_002099.jpg,1
test_2022_eece454_002100.jpg,13
test_2022_eece454_002101.jpg,4
test_2022_eece454_002102.jpg,4
test_2022_eece454_002103.jpg,12
test_2022_eece454_002104.jpg,1
test_2022_eece454_002105.jpg,9
test_2022_eece454_002106.jpg,9
test_2022_eece454_002107.jpg,9
test_2022_eece454_002108.jpg,5
test_2022_eece454_002109.jpg,2
test_2022_eece454_002110.jpg,12
test_2022_eece454_002111.jpg,9
test_2022_eece454_002112.jpg,10
test_2022_eece454_002113.jpg,4
test_2022_eece454_002114.jpg,12
test_2022_eece454_002115.jpg,10
test_2022_eece454_002116.jpg,3
test_2022_eece454_002117.jpg,4
test_2022_eece454_002118.jpg,8
test_2022_eece454_002119.jpg,5
test_2022_eece454_002120.jpg,6
test_2022_eece454_002121.jpg,7
test_2022_eece454_002122.jpg,14
test_2022_eece454_002123.jpg,13
test_2022_eece454_002124.jpg,0
test_2022_eece454_002125.jpg,3
test_2022_eece454_002126.jpg,6
test_2022_eece454_002127.jpg,8
test_2022_eece454_002128.jpg,3
test_2022_eece454_002129.jpg,4
test_2022_eece454_002130.jpg,14
test_2022_eece454_002131.jpg,2
test_2022_eece454_002132.jpg,14
test_2022_eece454_002133.jpg,11
test_2022_eece454_002134.jpg,2
test_2022_eece454_002135.jpg,14
test_2022_eece454_002136.jpg,1
test_2022_eece454_002137.jpg,2
test_2022_eece454_002138.jpg,11
test_2022_eece454_002139.jpg,14
test_2022_eece454_002140.jpg,6
test_2022_eece454_002141.jpg,2
test_2022_eece454_002142.jpg,1
test_2022_eece454_002143.jpg,3
test_2022_eece454_002144.jpg,7
test_2022_eece454_002145.jpg,8
test_2022_eece454_002146.jpg,12
test_2022_eece454_002147.jpg,12
test_2022_eece454_002148.jpg,10
test_2022_eece454_002149.jpg,2
test_2022_eece454_002150.jpg,14
test_2022_eece454_002151.jpg,10
test_2022_eece454_002152.jpg,12
test_2022_eece454_002153.jpg,7
test_2022_eece454_002154.jpg,9
test_2022_eece454_002155.jpg,14
test_2022_eece454_002156.jpg,14
test_2022_eece454_002157.jpg,13
test_2022_eece454_002158.jpg,9
test_2022_eece454_002159.jpg,14
test_2022_eece454_002160.jpg,7
test_2022_eece454_002161.jpg,14
test_2022_eece454_002162.jpg,10
test_2022_eece454_002163.jpg,0
test_2022_eece454_002164.jpg,5
test_2022_eece454_002165.jpg,5
test_2022_eece454_002166.jpg,8
test_2022_eece454_002167.jpg,9
test_2022_eece454_002168.jpg,3
test_2022_eece454_002169.jpg,5
test_2022_eece454_002170.jpg,0
test_2022_eece454_002171.jpg,11
test_2022_eece454_002172.jpg,6
test_2022_eece454_002173.jpg,11
test_2022_eece454_002174.jpg,4
test_2022_eece454_002175.jpg,13
test_2022_eece454_002176.jpg,10
test_2022_eece454_002177.jpg,7
test_2022_eece454_002178.jpg,5
test_2022_eece454_002179.jpg,9
test_2022_eece454_002180.jpg,3
test_2022_eece454_002181.jpg,4
test_2022_eece454_002182.jpg,5
test_2022_eece454_002183.jpg,5
test_2022_eece454_002184.jpg,12
test_2022_eece454_002185.jpg,10
test_2022_eece454_002186.jpg,6
test_2022_eece454_002187.jpg,13
test_2022_eece454_002188.jpg,0
test_2022_eece454_002189.jpg,1
test_2022_eece454_002190.jpg,2
test_2022_eece454_002191.jpg,12
test_2022_eece454_002192.jpg,5
test_2022_eece454_002193.jpg,0
test_2022_eece454_002194.jpg,0
test_2022_eece454_002195.jpg,3
test_2022_eece454_002196.jpg,4
test_2022_eece454_002197.jpg,2
test_2022_eece454_002198.jpg,13
test_2022_eece454_002199.jpg,14
test_2022_eece454_002200.jpg,14
test_2022_eece454_002201.jpg,8
test_2022_eece454_002202.jpg,0
test_2022_eece454_002203.jpg,5
test_2022_eece454_002204.jpg,6
test_2022_eece454_002205.jpg,1
test_2022_eece454_002206.jpg,2
test_2022_eece454_002207.jpg,1
test_2022_eece454_002208.jpg,5
test_2022_eece454_002209.jpg,11
test_2022_eece454_002210.jpg,4
test_2022_eece454_002211.jpg,13
test_2022_eece454_002212.jpg,5
test_2022_eece454_002213.jpg,9
test_2022_eece454_002214.jpg,3
test_2022_eece454_002215.jpg,3
test_2022_eece454_002216.jpg,6
test_2022_eece454_002217.jpg,11
test_2022_eece454_002218.jpg,2
test_2022_eece454_002219.jpg,8
test_2022_eece454_002220.jpg,3
test_2022_eece454_002221.jpg,2
test_2022_eece454_002222.jpg,12
test_2022_eece454_002223.jpg,9
test_2022_eece454_002224.jpg,1
test_2022_eece454_002225.jpg,2
test_2022_eece454_002226.jpg,13
test_2022_eece454_002227.jpg,7
test_2022_eece454_002228.jpg,14
test_2022_eece454_002229.jpg,9
test_2022_eece454_002230.jpg,8
test_2022_eece454_002231.jpg,10
test_2022_eece454_002232.jpg,0
test_2022_eece454_002233.jpg,1
test_2022_eece454_002234.jpg,11
test_2022_eece454_002235.jpg,14
test_2022_eece454_002236.jpg,2
test_2022_eece454_002237.jpg,4
test_2022_eece454_002238.jpg,1
test_2022_eece454_002239.jpg,4
test_2022_eece454_002240.jpg,11
test_2022_eece454_002241.jpg,1
test_2022_eece454_002242.jpg,1
test_2022_eece454_002243.jpg,6
test_2022_eece454_002244.jpg,6
test_2022_eece454_002245.jpg,4
test_2022_eece454_002246.jpg,1
test_2022_eece454_002247.jpg,0
test_2022_eece454_002248.jpg,0
test_2022_eece454_002249.jpg,2
test_2022_eece454_002250.jpg,13
test_2022_eece454_002251.jpg,7
test_2022_eece454_002252.jpg,2
test_2022_eece454_002253.jpg,2
test_2022_eece454_002254.jpg,6
test_2022_eece454_002255.jpg,13
test_2022_eece454_002256.jpg,0
test_2022_eece454_002257.jpg,4
test_2022_eece454_002258.jpg,0
test_2022_eece454_002259.jpg,9
test_2022_eece454_002260.jpg,11
test_2022_eece454_002261.jpg,6
test_2022_eece454_002262.jpg,0
test_2022_eece454_002263.jpg,5
test_2022_eece454_002264.jpg,11
test_2022_eece454_002265.jpg,13
test_2022_eece454_002266.jpg,12
test_2022_eece454_002267.jpg,14
test_2022_eece454_002268.jpg,9
test_2022_eece454_002269.jpg,7
test_2022_eece454_002270.jpg,10
test_2022_eece454_002271.jpg,8
test_2022_eece454_002272.jpg,7
test_2022_eece454_002273.jpg,0
test_2022_eece454_002274.jpg,10
test_2022_eece454_002275.jpg,7
test_2022_eece454_002276.jpg,11
test_2022_eece454_002277.jpg,7
test_2022_eece454_002278.jpg,1
test_2022_eece454_002279.jpg,8
test_2022_eece454_002280.jpg,2
test_2022_eece454_002281.jpg,12
test_2022_eece454_002282.jpg,9
test_2022_eece454_002283.jpg,7
test_2022_eece454_002284.jpg,7
test_2022_eece454_002285.jpg,14
test_2022_eece454_002286.jpg,12
test_2022_eece454_002287.jpg,9
test_2022_eece454_002288.jpg,9
test_2022_eece454_002289.jpg,13
test_2022_eece454_002290.jpg,3
test_2022_eece454_002291.jpg,7
test_2022_eece454_002292.jpg,12
test_2022_eece454_002293.jpg,2
test_2022_eece454_002294.jpg,0
test_2022_eece454_002295.jpg,12
test_2022_eece454_002296.jpg,4
test_2022_eece454_002297.jpg,12
test_2022_eece454_002298.jpg,4
test_2022_eece454_002299.jpg,13
test_2022_eece454_002300.jpg,3
test_2022_eece454_002301.jpg,14
test_2022_eece454_002302.jpg,3
test_2022_eece454_002303.jpg,3
test_2022_eece454_002304.jpg,14
test_2022_eece454_002305.jpg,12
test_2022_eece454_002306.jpg,6
test_2022_eece454_002307.jpg,10
test_2022_eece454_002308.jpg,14
test_2022_eece454_002309.jpg,0
test_2022_eece454_002310.jpg,10
test_2022_eece454_002311.jpg,0
test_2022_eece454_002312.jpg,7
test_2022_eece454_002313.jpg,10
test_2022_eece454_002314.jpg,13
test_2022_eece454_002315.jpg,1
test_2022_eece454_002316.jpg,2
test_2022_eece454_002317.jpg,14
test_2022_eece454_002318.jpg,6
test_2022_eece454_002319.jpg,9
test_2022_eece454_002320.jpg,6
test_2022_eece454_002321.jpg,8
test_2022_eece454_002322.jpg,4
test_2022_eece454_002323.jpg,7
test_2022_eece454_002324.jpg,4
test_2022_eece454_002325.jpg,14
test_2022_eece454_002326.jpg,11
test_2022_eece454_002327.jpg,9
test_2022_eece454_002328.jpg,6
test_2022_eece454_002329.jpg,12
test_2022_eece454_002330.jpg,10
test_2022_eece454_002331.jpg,13
test_2022_eece454_002332.jpg,8
test_2022_eece454_002333.jpg,9
test_2022_eece454_002334.jpg,1
test_2022_eece454_002335.jpg,8
test_2022_eece454_002336.jpg,11
test_2022_eece454_002337.jpg,1
test_2022_eece454_002338.jpg,1
test_2022_eece454_002339.jpg,11
test_2022_eece454_002340.jpg,7
test_2022_eece454_002341.jpg,13
test_2022_eece454_002342.jpg,2
test_2022_eece454_002343.jpg,11
test_2022_eece454_002344.jpg,8
test_2022_eece454_002345.jpg,14
test_2022_eece454_002346.jpg,10
test_2022_eece454_002347.jpg,5
test_2022_eece454_002348.jpg,12
test_2022_eece454_002349.jpg,7
test_2022_eece454_002350.jpg,5
test_2022_eece454_002351.jpg,9
test_2022_eece454_002352.jpg,4
test_2022_eece454_002353.jpg,7
test_2022_eece454_002354.jpg,10
test_2022_eece454_002355.jpg,10
test_2022_eece454_002356.jpg,11
test_2022_eece454_002357.jpg,0
test_2022_eece454_002358.jpg,7
test_2022_eece454_002359.jpg,1
test_2022_eece454_002360.jpg,8
test_2022_eece454_002361.jpg,0
test_2022_eece454_002362.jpg,9
test_2022_eece454_002363.jpg,4
test_2022_eece454_002364.jpg,3
test_2022_eece454_002365.jpg,6
test_2022_eece454_002366.jpg,2
test_2022_eece454_002367.jpg,7
test_2022_eece454_002368.jpg,11
test_2022_eece454_002369.jpg,2
test_2022_eece454_002370.jpg,14
test_2022_eece454_002371.jpg,12
test_2022_eece454_002372.jpg,0
test_2022_eece454_002373.jpg,0
test_2022_eece454_002374.jpg,10
test_2022_eece454_002375.jpg,11
test_2022_eece454_002376.jpg,5
test_2022_eece454_002377.jpg,12
test_2022_eece454_002378.jpg,5
test_2022_eece454_002379.jpg,8
test_2022_eece454_002380.jpg,10
test_2022_eece454_002381.jpg,3
test_2022_eece454_002382.jpg,1
test_2022_eece454_002383.jpg,5
test_2022_eece454_002384.jpg,2
test_2022_eece454_002385.jpg,0
test_2022_eece454_002386.jpg,7
test_2022_eece454_002387.jpg,1
test_2022_eece454_002388.jpg,2
test_2022_eece454_002389.jpg,7
test_2022_eece454_002390.jpg,10
test_2022_eece454_002391.jpg,1
test_2022_eece454_002392.jpg,10
test_2022_eece454_002393.jpg,12
test_2022_eece454_002394.jpg,7
test_2022_eece454_002395.jpg,12
test_2022_eece454_002396.jpg,9
test_2022_eece454_002397.jpg,0
test_2022_eece454_002398.jpg,11
test_2022_eece454_002399.jpg,8
test_2022_eece454_002400.jpg,1
test_2022_eece454_002401.jpg,0
test_2022_eece454_002402.jpg,8
test_2022_eece454_002403.jpg,13
test_2022_eece454_002404.jpg,12
test_2022_eece454_002405.jpg,5
test_2022_eece454_002406.jpg,12
test_2022_eece454_002407.jpg,0
test_2022_eece454_002408.jpg,12
test_2022_eece454_002409.jpg,5
test_2022_eece454_002410.jpg,8
test_2022_eece454_002411.jpg,13
test_2022_eece454_002412.jpg,14
test_2022_eece454_002413.jpg,9
test_2022_eece454_002414.jpg,14
test_2022_eece454_002415.jpg,9
test_2022_eece454_002416.jpg,3
test_2022_eece454_002417.jpg,12
test_2022_eece454_002418.jpg,1
test_2022_eece454_002419.jpg,13
test_2022_eece454_002420.jpg,1
test_2022_eece454_002421.jpg,6
test_2022_eece454_002422.jpg,11
test_2022_eece454_002423.jpg,12
test_2022_eece454_002424.jpg,5
test_2022_eece454_002425.jpg,11
test_2022_eece454_002426.jpg,6
test_2022_eece454_002427.jpg,11
test_2022_eece454_002428.jpg,1
test_2022_eece454_002429.jpg,12
test_2022_eece454_002430.jpg,5
test_2022_eece454_002431.jpg,2
test_2022_eece454_002432.jpg,12
test_2022_eece454_002433.jpg,9
test_2022_eece454_002434.jpg,7
test_2022_eece454_002435.jpg,3
test_2022_eece454_002436.jpg,7
test_2022_eece454_002437.jpg,7
test_2022_eece454_002438.jpg,7
test_2022_eece454_002439.jpg,12
test_2022_eece454_002440.jpg,11
test_2022_eece454_002441.jpg,10
test_2022_eece454_002442.jpg,11
test_2022_eece454_002443.jpg,4
test_2022_eece454_002444.jpg,4
test_2022_eece454_002445.jpg,9
test_2022_eece454_002446.jpg,0
test_2022_eece454_002447.jpg,12
test_2022_eece454_002448.jpg,9
test_2022_eece454_002449.jpg,14
test_2022_eece454_002450.jpg,7
test_2022_eece454_002451.jpg,10
test_2022_eece454_002452.jpg,2
test_2022_eece454_002453.jpg,13
test_2022_eece454_002454.jpg,9
test_2022_eece454_002455.jpg,0
test_2022_eece454_002456.jpg,8
test_2022_eece454_002457.jpg,8
test_2022_eece454_002458.jpg,1
test_2022_eece454_002459.jpg,11
test_2022_eece454_002460.jpg,14
test_2022_eece454_002461.jpg,5
test_2022_eece454_002462.jpg,13
test_2022_eece454_002463.jpg,0
test_2022_eece454_002464.jpg,11
test_2022_eece454_002465.jpg,2
test_2022_eece454_002466.jpg,4
test_2022_eece454_002467.jpg,14
test_2022_eece454_002468.jpg,4
test_2022_eece454_002469.jpg,2
test_2022_eece454_002470.jpg,0
test_2022_eece454_002471.jpg,6
test_2022_eece454_002472.jpg,3
test_2022_eece454_002473.jpg,12
test_2022_eece454_002474.jpg,12
test_2022_eece454_002475.jpg,7
test_2022_eece454_002476.jpg,2
test_2022_eece454_002477.jpg,3
test_2022_eece454_002478.jpg,7
test_2022_eece454_002479.jpg,4
test_2022_eece454_002480.jpg,4
test_2022_eece454_002481.jpg,8
test_2022_eece454_002482.jpg,14
test_2022_eece454_002483.jpg,11
test_2022_eece454_002484.jpg,6
test_2022_eece454_002485.jpg,13
test_2022_eece454_002486.jpg,7
test_2022_eece454_002487.jpg,4
test_2022_eece454_002488.jpg,4
test_2022_eece454_002489.jpg,8
test_2022_eece454_002490.jpg,2
test_2022_eece454_002491.jpg,7
test_2022_eece454_002492.jpg,6
test_2022_eece454_002493.jpg,13
test_2022_eece454_002494.jpg,14
test_2022_eece454_002495.jpg,0
test_2022_eece454_002496.jpg,7
test_2022_eece454_002497.jpg,11
test_2022_eece454_002498.jpg,6
test_2022_eece454_002499.jpg,7
test_2022_eece454_002500.jpg,8
test_2022_eece454_002501.jpg,9
test_2022_eece454_002502.jpg,7
test_2022_eece454_002503.jpg,2
test_2022_eece454_002504.jpg,9
test_2022_eece454_002505.jpg,4
test_2022_eece454_002506.jpg,0
test_2022_eece454_002507.jpg,8
test_2022_eece454_002508.jpg,1
test_2022_eece454_002509.jpg,4
test_2022_eece454_002510.jpg,6
test_2022_eece454_002511.jpg,8
test_2022_eece454_002512.jpg,10
test_2022_eece454_002513.jpg,4
test_2022_eece454_002514.jpg,3
test_2022_eece454_002515.jpg,3
test_2022_eece454_002516.jpg,14
test_2022_eece454_002517.jpg,5
test_2022_eece454_002518.jpg,9
test_2022_eece454_002519.jpg,6
test_2022_eece454_002520.jpg,10
test_2022_eece454_002521.jpg,4
test_2022_eece454_002522.jpg,6
test_2022_eece454_002523.jpg,14
test_2022_eece454_002524.jpg,3
test_2022_eece454_002525.jpg,7
test_2022_eece454_002526.jpg,11
test_2022_eece454_002527.jpg,10
test_2022_eece454_002528.jpg,9
test_2022_eece454_002529.jpg,4
test_2022_eece454_002530.jpg,8
test_2022_eece454_002531.jpg,6
test_2022_eece454_002532.jpg,12
test_2022_eece454_002533.jpg,12
test_2022_eece454_002534.jpg,2
test_2022_eece454_002535.jpg,6
test_2022_eece454_002536.jpg,3
test_2022_eece454_002537.jpg,6
test_2022_eece454_002538.jpg,11
test_2022_eece454_002539.jpg,6
test_2022_eece454_002540.jpg,11
test_2022_eece454_002541.jpg,12
test_2022_eece454_002542.jpg,4
test_2022_eece454_002543.jpg,0
test_2022_eece454_002544.jpg,6
test_2022_eece454_002545.jpg,14
test_2022_eece454_002546.jpg,7
test_2022_eece454_002547.jpg,12
test_2022_eece454_002548.jpg,10
test_2022_eece454_002549.jpg,0
test_2022_eece454_002550.jpg,5
test_2022_eece454_002551.jpg,8
test_2022_eece454_002552.jpg,11
test_2022_eece454_002553.jpg,13
test_2022_eece454_002554.jpg,3
test_2022_eece454_002555.jpg,8
test_2022_eece454_002556.jpg,0
test_2022_eece454_002557.jpg,8
test_2022_eece454_002558.jpg,6
test_2022_eece454_002559.jpg,14
test_2022_eece454_002560.jpg,6
test_2022_eece454_002561.jpg,13
test_2022_eece454_002562.jpg,9
test_2022_eece454_002563.jpg,7
test_2022_eece454_002564.jpg,2
test_2022_eece454_002565.jpg,13
test_2022_eece454_002566.jpg,11
test_2022_eece454_002567.jpg,12
test_2022_eece454_002568.jpg,3
test_2022_eece454_002569.jpg,14
test_2022_eece454_002570.jpg,14
test_2022_eece454_002571.jpg,4
test_2022_eece454_002572.jpg,5
test_2022_eece454_002573.jpg,7
test_2022_eece454_002574.jpg,14
test_2022_eece454_002575.jpg,8
test_2022_eece454_002576.jpg,13
test_2022_eece454_002577.jpg,7
test_2022_eece454_002578.jpg,8
test_2022_eece454_002579.jpg,5
test_2022_eece454_002580.jpg,8
test_2022_eece454_002581.jpg,6
test_2022_eece454_002582.jpg,11
test_2022_eece454_002583.jpg,11
test_2022_eece454_002584.jpg,14
test_2022_eece454_002585.jpg,2
test_2022_eece454_002586.jpg,14
test_2022_eece454_002587.jpg,8
test_2022_eece454_002588.jpg,9
test_2022_eece454_002589.jpg,13
test_2022_eece454_002590.jpg,6
test_2022_eece454_002591.jpg,11
test_2022_eece454_002592.jpg,6
test_2022_eece454_002593.jpg,14
test_2022_eece454_002594.jpg,4
test_2022_eece454_002595.jpg,7
test_2022_eece454_002596.jpg,10
test_2022_eece454_002597.jpg,5
test_2022_eece454_002598.jpg,6
test_2022_eece454_002599.jpg,6
test_2022_eece454_002600.jpg,5
test_2022_eece454_002601.jpg,12
test_2022_eece454_002602.jpg,9
test_2022_eece454_002603.jpg,6
test_2022_eece454_002604.jpg,9
test_2022_eece454_002605.jpg,14
test_2022_eece454_002606.jpg,2
test_2022_eece454_002607.jpg,12
test_2022_eece454_002608.jpg,4
test_2022_eece454_002609.jpg,4
test_2022_eece454_002610.jpg,7
test_2022_eece454_002611.jpg,4
test_2022_eece454_002612.jpg,10
test_2022_eece454_002613.jpg,3
test_2022_eece454_002614.jpg,5
test_2022_eece454_002615.jpg,9
test_2022_eece454_002616.jpg,4
test_2022_eece454_002617.jpg,1
test_2022_eece454_002618.jpg,3
test_2022_eece454_002619.jpg,4
test_2022_eece454_002620.jpg,0
test_2022_eece454_002621.jpg,1
test_2022_eece454_002622.jpg,7
test_2022_eece454_002623.jpg,12
test_2022_eece454_002624.jpg,8
test_2022_eece454_002625.jpg,13
test_2022_eece454_002626.jpg,0
test_2022_eece454_002627.jpg,5
test_2022_eece454_002628.jpg,1
test_2022_eece454_002629.jpg,2
test_2022_eece454_002630.jpg,4
test_2022_eece454_002631.jpg,8
test_2022_eece454_002632.jpg,8
test_2022_eece454_002633.jpg,8
test_2022_eece454_002634.jpg,4
test_2022_eece454_002635.jpg,4
test_2022_eece454_002636.jpg,11
test_2022_eece454_002637.jpg,1
test_2022_eece454_002638.jpg,5
test_2022_eece454_002639.jpg,6
test_2022_eece454_002640.jpg,14
test_2022_eece454_002641.jpg,2
test_2022_eece454_002642.jpg,5
test_2022_eece454_002643.jpg,14
test_2022_eece454_002644.jpg,7
test_2022_eece454_002645.jpg,6
test_2022_eece454_002646.jpg,8
test_2022_eece454_002647.jpg,3
test_2022_eece454_002648.jpg,9
test_2022_eece454_002649.jpg,7
test_2022_eece454_002650.jpg,9
test_2022_eece454_002651.jpg,7
test_2022_eece454_002652.jpg,9
test_2022_eece454_002653.jpg,11
test_2022_eece454_002654.jpg,2
test_2022_eece454_002655.jpg,14
test_2022_eece454_002656.jpg,4
test_2022_eece454_002657.jpg,14
test_2022_eece454_002658.jpg,0
test_2022_eece454_002659.jpg,7
test_2022_eece454_002660.jpg,13
test_2022_eece454_002661.jpg,10
test_2022_eece454_002662.jpg,7
test_2022_eece454_002663.jpg,2
test_2022_eece454_002664.jpg,7
test_2022_eece454_002665.jpg,2
test_2022_eece454_002666.jpg,3
test_2022_eece454_002667.jpg,3
test_2022_eece454_002668.jpg,7
test_2022_eece454_002669.jpg,11
test_2022_eece454_002670.jpg,14
test_2022_eece454_002671.jpg,14
test_2022_eece454_002672.jpg,10
test_2022_eece454_002673.jpg,14
test_2022_eece454_002674.jpg,12
test_2022_eece454_002675.jpg,3
test_2022_eece454_002676.jpg,7
test_2022_eece454_002677.jpg,3
test_2022_eece454_002678.jpg,12
test_2022_eece454_002679.jpg,11
test_2022_eece454_002680.jpg,8
test_2022_eece454_002681.jpg,8
test_2022_eece454_002682.jpg,6
test_2022_eece454_002683.jpg,7
test_2022_eece454_002684.jpg,13
test_2022_eece454_002685.jpg,4
test_2022_eece454_002686.jpg,12
test_2022_eece454_002687.jpg,0
test_2022_eece454_002688.jpg,11
test_2022_eece454_002689.jpg,10
test_2022_eece454_002690.jpg,13
test_2022_eece454_002691.jpg,6
test_2022_eece454_002692.jpg,9
test_2022_eece454_002693.jpg,3
test_2022_eece454_002694.jpg,0
test_2022_eece454_002695.jpg,12
test_2022_eece454_002696.jpg,7
test_2022_eece454_002697.jpg,1
test_2022_eece454_002698.jpg,4
test_2022_eece454_002699.jpg,0
test_2022_eece454_002700.jpg,5
test_2022_eece454_002701.jpg,7
test_2022_eece454_002702.jpg,14
test_2022_eece454_002703.jpg,7
test_2022_eece454_002704.jpg,11
test_2022_eece454_002705.jpg,9
test_2022_eece454_002706.jpg,8
test_2022_eece454_002707.jpg,10
test_2022_eece454_002708.jpg,12
test_2022_eece454_002709.jpg,5
test_2022_eece454_002710.jpg,5
test_2022_eece454_002711.jpg,6
test_2022_eece454_002712.jpg,12
test_2022_eece454_002713.jpg,5
test_2022_eece454_002714.jpg,3
test_2022_eece454_002715.jpg,1
test_2022_eece454_002716.jpg,1
test_2022_eece454_002717.jpg,3
test_2022_eece454_002718.jpg,11
test_2022_eece454_002719.jpg,10
test_2022_eece454_002720.jpg,3
test_2022_eece454_002721.jpg,8
test_2022_eece454_002722.jpg,11
test_2022_eece454_002723.jpg,7
test_2022_eece454_002724.jpg,12
test_2022_eece454_002725.jpg,10
test_2022_eece454_002726.jpg,9
test_2022_eece454_002727.jpg,4
test_2022_eece454_002728.jpg,4
test_2022_eece454_002729.jpg,14
test_2022_eece454_002730.jpg,13
test_2022_eece454_002731.jpg,13
test_2022_eece454_002732.jpg,5
test_2022_eece454_002733.jpg,6
test_2022_eece454_002734.jpg,1
test_2022_eece454_002735.jpg,3
test_2022_eece454_002736.jpg,3
test_2022_eece454_002737.jpg,12
test_2022_eece454_002738.jpg,6
test_2022_eece454_002739.jpg,5
test_2022_eece454_002740.jpg,9
test_2022_eece454_002741.jpg,12
test_2022_eece454_002742.jpg,11
test_2022_eece454_002743.jpg,13
test_2022_eece454_002744.jpg,13
test_2022_eece454_002745.jpg,7
test_2022_eece454_002746.jpg,3
test_2022_eece454_002747.jpg,9
test_2022_eece454_002748.jpg,0
test_2022_eece454_002749.jpg,13
test_2022_eece454_002750.jpg,14
test_2022_eece454_002751.jpg,3
test_2022_eece454_002752.jpg,6
test_2022_eece454_002753.jpg,7
test_2022_eece454_002754.jpg,14
test_2022_eece454_002755.jpg,2
test_2022_eece454_002756.jpg,10
test_2022_eece454_002757.jpg,13
test_2022_eece454_002758.jpg,12
test_2022_eece454_002759.jpg,9
test_2022_eece454_002760.jpg,6
test_2022_eece454_002761.jpg,5
test_2022_eece454_002762.jpg,0
test_2022_eece454_002763.jpg,2
test_2022_eece454_002764.jpg,6
test_2022_eece454_002765.jpg,2
test_2022_eece454_002766.jpg,8
test_2022_eece454_002767.jpg,5
test_2022_eece454_002768.jpg,0
test_2022_eece454_002769.jpg,8
test_2022_eece454_002770.jpg,13
test_2022_eece454_002771.jpg,2
test_2022_eece454_002772.jpg,14
test_2022_eece454_002773.jpg,8
test_2022_eece454_002774.jpg,3
test_2022_eece454_002775.jpg,14
test_2022_eece454_002776.jpg,0
test_2022_eece454_002777.jpg,0
test_2022_eece454_002778.jpg,10
test_2022_eece454_002779.jpg,1
test_2022_eece454_002780.jpg,11
test_2022_eece454_002781.jpg,7
test_2022_eece454_002782.jpg,8
test_2022_eece454_002783.jpg,11
test_2022_eece454_002784.jpg,6
test_2022_eece454_002785.jpg,4
test_2022_eece454_002786.jpg,10
test_2022_eece454_002787.jpg,13
test_2022_eece454_002788.jpg,13
test_2022_eece454_002789.jpg,6
test_2022_eece454_002790.jpg,13
test_2022_eece454_002791.jpg,12
test_2022_eece454_002792.jpg,7
test_2022_eece454_002793.jpg,13
test_2022_eece454_002794.jpg,6
test_2022_eece454_002795.jpg,14
test_2022_eece454_002796.jpg,6
test_2022_eece454_002797.jpg,8
test_2022_eece454_002798.jpg,14
test_2022_eece454_002799.jpg,6
test_2022_eece454_002800.jpg,11
test_2022_eece454_002801.jpg,0
test_2022_eece454_002802.jpg,7
test_2022_eece454_002803.jpg,6
test_2022_eece454_002804.jpg,11
test_2022_eece454_002805.jpg,9
test_2022_eece454_002806.jpg,14
test_2022_eece454_002807.jpg,10
test_2022_eece454_002808.jpg,3
test_2022_eece454_002809.jpg,0
test_2022_eece454_002810.jpg,13
test_2022_eece454_002811.jpg,3
test_2022_eece454_002812.jpg,7
test_2022_eece454_002813.jpg,10
test_2022_eece454_002814.jpg,10
test_2022_eece454_002815.jpg,11
test_2022_eece454_002816.jpg,8
test_2022_eece454_002817.jpg,11
test_2022_eece454_002818.jpg,11
test_2022_eece454_002819.jpg,5
test_2022_eece454_002820.jpg,14
test_2022_eece454_002821.jpg,3
test_2022_eece454_002822.jpg,4
test_2022_eece454_002823.jpg,14
test_2022_eece454_002824.jpg,2
test_2022_eece454_002825.jpg,13
test_2022_eece454_002826.jpg,10
test_2022_eece454_002827.jpg,2
test_2022_eece454_002828.jpg,4
test_2022_eece454_002829.jpg,6
test_2022_eece454_002830.jpg,9
test_2022_eece454_002831.jpg,10
test_2022_eece454_002832.jpg,0
test_2022_eece454_002833.jpg,6
test_2022_eece454_002834.jpg,2
test_2022_eece454_002835.jpg,0
test_2022_eece454_002836.jpg,11
test_2022_eece454_002837.jpg,1
test_2022_eece454_002838.jpg,7
test_2022_eece454_002839.jpg,8
test_2022_eece454_002840.jpg,6
test_2022_eece454_002841.jpg,5
test_2022_eece454_002842.jpg,10
test_2022_eece454_002843.jpg,13
test_2022_eece454_002844.jpg,12
test_2022_eece454_002845.jpg,12
test_2022_eece454_002846.jpg,8
test_2022_eece454_002847.jpg,7
test_2022_eece454_002848.jpg,3
test_2022_eece454_002849.jpg,6
test_2022_eece454_002850.jpg,10
test_2022_eece454_002851.jpg,6
test_2022_eece454_002852.jpg,2
test_2022_eece454_002853.jpg,10
test_2022_eece454_002854.jpg,12
test_2022_eece454_002855.jpg,2
test_2022_eece454_002856.jpg,13
test_2022_eece454_002857.jpg,2
test_2022_eece454_002858.jpg,4
test_2022_eece454_002859.jpg,6
test_2022_eece454_002860.jpg,5
test_2022_eece454_002861.jpg,13
test_2022_eece454_002862.jpg,0
test_2022_eece454_002863.jpg,6
test_2022_eece454_002864.jpg,12
test_2022_eece454_002865.jpg,5
test_2022_eece454_002866.jpg,12
test_2022_eece454_002867.jpg,10
test_2022_eece454_002868.jpg,13
test_2022_eece454_002869.jpg,8
test_2022_eece454_002870.jpg,2
test_2022_eece454_002871.jpg,10
test_2022_eece454_002872.jpg,8
test_2022_eece454_002873.jpg,7
test_2022_eece454_002874.jpg,1
test_2022_eece454_002875.jpg,8
test_2022_eece454_002876.jpg,10
test_2022_eece454_002877.jpg,13
test_2022_eece454_002878.jpg,13
test_2022_eece454_002879.jpg,7
test_2022_eece454_002880.jpg,1
test_2022_eece454_002881.jpg,11
test_2022_eece454_002882.jpg,6
test_2022_eece454_002883.jpg,0
test_2022_eece454_002884.jpg,9
test_2022_eece454_002885.jpg,11
test_2022_eece454_002886.jpg,3
test_2022_eece454_002887.jpg,6
test_2022_eece454_002888.jpg,13
test_2022_eece454_002889.jpg,6
test_2022_eece454_002890.jpg,3
test_2022_eece454_002891.jpg,5
test_2022_eece454_002892.jpg,9
test_2022_eece454_002893.jpg,1
test_2022_eece454_002894.jpg,14
test_2022_eece454_002895.jpg,6
test_2022_eece454_002896.jpg,0
test_2022_eece454_002897.jpg,6
test_2022_eece454_002898.jpg,3
test_2022_eece454_002899.jpg,4
test_2022_eece454_002900.jpg,9
test_2022_eece454_002901.jpg,4
test_2022_eece454_002902.jpg,6
test_2022_eece454_002903.jpg,14
test_2022_eece454_002904.jpg,11
test_2022_eece454_002905.jpg,9
test_2022_eece454_002906.jpg,3
test_2022_eece454_002907.jpg,11
test_2022_eece454_002908.jpg,6
test_2022_eece454_002909.jpg,4
test_2022_eece454_002910.jpg,5
test_2022_eece454_002911.jpg,13
test_2022_eece454_002912.jpg,4
test_2022_eece454_002913.jpg,9
test_2022_eece454_002914.jpg,10
test_2022_eece454_002915.jpg,6
test_2022_eece454_002916.jpg,9
test_2022_eece454_002917.jpg,14
test_2022_eece454_002918.jpg,14
test_2022_eece454_002919.jpg,6
test_2022_eece454_002920.jpg,13
test_2022_eece454_002921.jpg,11
test_2022_eece454_002922.jpg,11
test_2022_eece454_002923.jpg,3
test_2022_eece454_002924.jpg,10
test_2022_eece454_002925.jpg,10
test_2022_eece454_002926.jpg,6
test_2022_eece454_002927.jpg,4
test_2022_eece454_002928.jpg,7
test_2022_eece454_002929.jpg,14
test_2022_eece454_002930.jpg,10
test_2022_eece454_002931.jpg,11
test_2022_eece454_002932.jpg,0
test_2022_eece454_002933.jpg,13
test_2022_eece454_002934.jpg,6
test_2022_eece454_002935.jpg,4
test_2022_eece454_002936.jpg,9
test_2022_eece454_002937.jpg,10
test_2022_eece454_002938.jpg,14
test_2022_eece454_002939.jpg,12
test_2022_eece454_002940.jpg,2
test_2022_eece454_002941.jpg,5
test_2022_eece454_002942.jpg,3
test_2022_eece454_002943.jpg,13
test_2022_eece454_002944.jpg,6
test_2022_eece454_002945.jpg,6
test_2022_eece454_002946.jpg,10
test_2022_eece454_002947.jpg,8
test_2022_eece454_002948.jpg,4
test_2022_eece454_002949.jpg,6
test_2022_eece454_002950.jpg,14
test_2022_eece454_002951.jpg,6
test_2022_eece454_002952.jpg,1
test_2022_eece454_002953.jpg,9
test_2022_eece454_002954.jpg,12
test_2022_eece454_002955.jpg,7
test_2022_eece454_002956.jpg,9
test_2022_eece454_002957.jpg,6
test_2022_eece454_002958.jpg,5
test_2022_eece454_002959.jpg,4
test_2022_eece454_002960.jpg,9
test_2022_eece454_002961.jpg,8
test_2022_eece454_002962.jpg,8
test_2022_eece454_002963.jpg,13
test_2022_eece454_002964.jpg,7
test_2022_eece454_002965.jpg,6
test_2022_eece454_002966.jpg,14
test_2022_eece454_002967.jpg,0
test_2022_eece454_002968.jpg,4
test_2022_eece454_002969.jpg,8
test_2022_eece454_002970.jpg,13
test_2022_eece454_002971.jpg,4
test_2022_eece454_002972.jpg,1
test_2022_eece454_002973.jpg,5
test_2022_eece454_002974.jpg,5
test_2022_eece454_002975.jpg,8
test_2022_eece454_002976.jpg,9
test_2022_eece454_002977.jpg,10
test_2022_eece454_002978.jpg,8
test_2022_eece454_002979.jpg,0
test_2022_eece454_002980.jpg,14
test_2022_eece454_002981.jpg,3
test_2022_eece454_002982.jpg,11
test_2022_eece454_002983.jpg,9
test_2022_eece454_002984.jpg,1
test_2022_eece454_002985.jpg,11
test_2022_eece454_002986.jpg,11
test_2022_eece454_002987.jpg,13
test_2022_eece454_002988.jpg,0
test_2022_eece454_002989.jpg,0
test_2022_eece454_002990.jpg,14
test_2022_eece454_002991.jpg,1
test_2022_eece454_002992.jpg,14
test_2022_eece454_002993.jpg,2
test_2022_eece454_002994.jpg,1
test_2022_eece454_002995.jpg,12
test_2022_eece454_002996.jpg,11
test_2022_eece454_002997.jpg,9
test_2022_eece454_002998.jpg,0
test_2022_eece454_002999.jpg,2
test_2022_eece454_003000.jpg,12
test_2022_eece454_003001.jpg,1
test_2022_eece454_003002.jpg,1
test_2022_eece454_003003.jpg,11
test_2022_eece454_003004.jpg,4
test_2022_eece454_003005.jpg,7
test_2022_eece454_003006.jpg,6
test_2022_eece454_003007.jpg,5
test_2022_eece454_003008.jpg,2
test_2022_eece454_003009.jpg,11
test_2022_eece454_003010.jpg,13
test_2022_eece454_003011.jpg,0
test_2022_eece454_003012.jpg,9
test_2022_eece454_003013.jpg,8
test_2022_eece454_003014.jpg,2
test_2022_eece454_003015.jpg,0
test_2022_eece454_003016.jpg,6
test_2022_eece454_003017.jpg,5
test_2022_eece454_003018.jpg,14
test_2022_eece454_003019.jpg,8
test_2022_eece454_003020.jpg,5
test_2022_eece454_003021.jpg,7
test_2022_eece454_003022.jpg,9
test_2022_eece454_003023.jpg,6
test_2022_eece454_003024.jpg,11
test_2022_eece454_003025.jpg,9
test_2022_eece454_003026.jpg,9
test_2022_eece454_003027.jpg,6
test_2022_eece454_003028.jpg,1
test_2022_eece454_003029.jpg,2
test_2022_eece454_003030.jpg,9
test_2022_eece454_003031.jpg,0
test_2022_eece454_003032.jpg,1
test_2022_eece454_003033.jpg,0
test_2022_eece454_003034.jpg,7
test_2022_eece454_003035.jpg,6
test_2022_eece454_003036.jpg,11
test_2022_eece454_003037.jpg,4
test_2022_eece454_003038.jpg,11
test_2022_eece454_003039.jpg,7
test_2022_eece454_003040.jpg,8
test_2022_eece454_003041.jpg,5
test_2022_eece454_003042.jpg,9
test_2022_eece454_003043.jpg,7
test_2022_eece454_003044.jpg,14
test_2022_eece454_003045.jpg,0
test_2022_eece454_003046.jpg,10
test_2022_eece454_003047.jpg,14
test_2022_eece454_003048.jpg,11
test_2022_eece454_003049.jpg,13
test_2022_eece454_003050.jpg,2
test_2022_eece454_003051.jpg,12
test_2022_eece454_003052.jpg,7
test_2022_eece454_003053.jpg,7
test_2022_eece454_003054.jpg,4
test_2022_eece454_003055.jpg,0
test_2022_eece454_003056.jpg,2
test_2022_eece454_003057.jpg,4
test_2022_eece454_003058.jpg,13
test_2022_eece454_003059.jpg,11
test_2022_eece454_003060.jpg,12
test_2022_eece454_003061.jpg,13
test_2022_eece454_003062.jpg,2
test_2022_eece454_003063.jpg,0
test_2022_eece454_003064.jpg,13
test_2022_eece454_003065.jpg,0
test_2022_eece454_003066.jpg,8
test_2022_eece454_003067.jpg,10
test_2022_eece454_003068.jpg,14
test_2022_eece454_003069.jpg,7
test_2022_eece454_003070.jpg,2
test_2022_eece454_003071.jpg,12
test_2022_eece454_003072.jpg,0
test_2022_eece454_003073.jpg,9
test_2022_eece454_003074.jpg,0
test_2022_eece454_003075.jpg,3
test_2022_eece454_003076.jpg,6
test_2022_eece454_003077.jpg,3
test_2022_eece454_003078.jpg,5
test_2022_eece454_003079.jpg,11
test_2022_eece454_003080.jpg,11
test_2022_eece454_003081.jpg,3
test_2022_eece454_003082.jpg,0
test_2022_eece454_003083.jpg,3
test_2022_eece454_003084.jpg,11
test_2022_eece454_003085.jpg,3
test_2022_eece454_003086.jpg,0
test_2022_eece454_003087.jpg,9
test_2022_eece454_003088.jpg,2
test_2022_eece454_003089.jpg,2
test_2022_eece454_003090.jpg,3
test_2022_eece454_003091.jpg,4
test_2022_eece454_003092.jpg,0
test_2022_eece454_003093.jpg,6
test_2022_eece454_003094.jpg,2
test_2022_eece454_003095.jpg,13
test_2022_eece454_003096.jpg,4
test_2022_eece454_003097.jpg,8
test_2022_eece454_003098.jpg,14
test_2022_eece454_003099.jpg,12
test_2022_eece454_003100.jpg,14
test_2022_eece454_003101.jpg,10
test_2022_eece454_003102.jpg,14
test_2022_eece454_003103.jpg,5
test_2022_eece454_003104.jpg,6
test_2022_eece454_003105.jpg,7
test_2022_eece454_003106.jpg,13
test_2022_eece454_003107.jpg,8
test_2022_eece454_003108.jpg,13
test_2022_eece454_003109.jpg,14
test_2022_eece454_003110.jpg,13
test_2022_eece454_003111.jpg,5
test_2022_eece454_003112.jpg,10
test_2022_eece454_003113.jpg,9
test_2022_eece454_003114.jpg,11
test_2022_eece454_003115.jpg,3
test_2022_eece454_003116.jpg,5
test_2022_eece454_003117.jpg,11
test_2022_eece454_003118.jpg,4
test_2022_eece454_003119.jpg,5
test_2022_eece454_003120.jpg,1
test_2022_eece454_003121.jpg,0
test_2022_eece454_003122.jpg,6
test_2022_eece454_003123.jpg,10
test_2022_eece454_003124.jpg,10
test_2022_eece454_003125.jpg,0
test_2022_eece454_003126.jpg,2
test_2022_eece454_003127.jpg,1
test_2022_eece454_003128.jpg,11
test_2022_eece454_003129.jpg,2
test_2022_eece454_003130.jpg,2
test_2022_eece454_003131.jpg,8
test_2022_eece454_003132.jpg,5
test_2022_eece454_003133.jpg,4
test_2022_eece454_003134.jpg,12
test_2022_eece454_003135.jpg,9
test_2022_eece454_003136.jpg,5
test_2022_eece454_003137.jpg,12
test_2022_eece454_003138.jpg,9
test_2022_eece454_003139.jpg,7
test_2022_eece454_003140.jpg,8
test_2022_eece454_003141.jpg,13
test_2022_eece454_003142.jpg,0
test_2022_eece454_003143.jpg,11
test_2022_eece454_003144.jpg,9
test_2022_eece454_003145.jpg,14
test_2022_eece454_003146.jpg,14
test_2022_eece454_003147.jpg,9
test_2022_eece454_003148.jpg,14
test_2022_eece454_003149.jpg,12
test_2022_eece454_003150.jpg,10
test_2022_eece454_003151.jpg,5
test_2022_eece454_003152.jpg,13
test_2022_eece454_003153.jpg,14
test_2022_eece454_003154.jpg,0
test_2022_eece454_003155.jpg,8
test_2022_eece454_003156.jpg,13
test_2022_eece454_003157.jpg,6
test_2022_eece454_003158.jpg,2
test_2022_eece454_003159.jpg,7
test_2022_eece454_003160.jpg,13
test_2022_eece454_003161.jpg,3
test_2022_eece454_003162.jpg,4
test_2022_eece454_003163.jpg,10
test_2022_eece454_003164.jpg,10
test_2022_eece454_003165.jpg,13
test_2022_eece454_003166.jpg,2
test_2022_eece454_003167.jpg,7
test_2022_eece454_003168.jpg,2
test_2022_eece454_003169.jpg,14
test_2022_eece454_003170.jpg,4
test_2022_eece454_003171.jpg,5
test_2022_eece454_003172.jpg,9
test_2022_eece454_003173.jpg,14
test_2022_eece454_003174.jpg,10
test_2022_eece454_003175.jpg,11
test_2022_eece454_003176.jpg,7
test_2022_eece454_003177.jpg,9
test_2022_eece454_003178.jpg,0
test_2022_eece454_003179.jpg,12
test_2022_eece454_003180.jpg,14
test_2022_eece454_003181.jpg,9
test_2022_eece454_003182.jpg,10
test_2022_eece454_003183.jpg,10
test_2022_eece454_003184.jpg,10
test_2022_eece454_003185.jpg,6
test_2022_eece454_003186.jpg,2
test_2022_eece454_003187.jpg,10
test_2022_eece454_003188.jpg,5
test_2022_eece454_003189.jpg,8
test_2022_eece454_003190.jpg,7
test_2022_eece454_003191.jpg,5
test_2022_eece454_003192.jpg,6
test_2022_eece454_003193.jpg,1
test_2022_eece454_003194.jpg,7
test_2022_eece454_003195.jpg,14
test_2022_eece454_003196.jpg,12
test_2022_eece454_003197.jpg,5
test_2022_eece454_003198.jpg,11
test_2022_eece454_003199.jpg,12
test_2022_eece454_003200.jpg,13
test_2022_eece454_003201.jpg,5
test_2022_eece454_003202.jpg,11
test_2022_eece454_003203.jpg,7
test_2022_eece454_003204.jpg,9
test_2022_eece454_003205.jpg,8
test_2022_eece454_003206.jpg,0
test_2022_eece454_003207.jpg,14
test_2022_eece454_003208.jpg,9
test_2022_eece454_003209.jpg,4
test_2022_eece454_003210.jpg,9
test_2022_eece454_003211.jpg,0
test_2022_eece454_003212.jpg,12
test_2022_eece454_003213.jpg,9
test_2022_eece454_003214.jpg,1
test_2022_eece454_003215.jpg,6
test_2022_eece454_003216.jpg,0
test_2022_eece454_003217.jpg,11
test_2022_eece454_003218.jpg,2
test_2022_eece454_003219.jpg,4
test_2022_eece454_003220.jpg,2
test_2022_eece454_003221.jpg,4
test_2022_eece454_003222.jpg,7
test_2022_eece454_003223.jpg,6
test_2022_eece454_003224.jpg,6
test_2022_eece454_003225.jpg,1
test_2022_eece454_003226.jpg,7
test_2022_eece454_003227.jpg,5
test_2022_eece454_003228.jpg,9
test_2022_eece454_003229.jpg,9
test_2022_eece454_003230.jpg,12
test_2022_eece454_003231.jpg,6
test_2022_eece454_003232.jpg,9
test_2022_eece454_003233.jpg,11
test_2022_eece454_003234.jpg,7
test_2022_eece454_003235.jpg,10
test_2022_eece454_003236.jpg,4
test_2022_eece454_003237.jpg,1
test_2022_eece454_003238.jpg,9
test_2022_eece454_003239.jpg,6
test_2022_eece454_003240.jpg,8
test_2022_eece454_003241.jpg,14
test_2022_eece454_003242.jpg,1
test_2022_eece454_003243.jpg,0
test_2022_eece454_003244.jpg,8
test_2022_eece454_003245.jpg,2
test_2022_eece454_003246.jpg,1
test_2022_eece454_003247.jpg,3
test_2022_eece454_003248.jpg,7
test_2022_eece454_003249.jpg,2
test_2022_eece454_003250.jpg,13
test_2022_eece454_003251.jpg,4
test_2022_eece454_003252.jpg,14
test_2022_eece454_003253.jpg,0
test_2022_eece454_003254.jpg,6
test_2022_eece454_003255.jpg,1
test_2022_eece454_003256.jpg,5
test_2022_eece454_003257.jpg,7
test_2022_eece454_003258.jpg,0
test_2022_eece454_003259.jpg,9
test_2022_eece454_003260.jpg,3
test_2022_eece454_003261.jpg,3
test_2022_eece454_003262.jpg,3
test_2022_eece454_003263.jpg,12
test_2022_eece454_003264.jpg,13
test_2022_eece454_003265.jpg,13
test_2022_eece454_003266.jpg,14
test_2022_eece454_003267.jpg,14
test_2022_eece454_003268.jpg,3
test_2022_eece454_003269.jpg,12
test_2022_eece454_003270.jpg,13
test_2022_eece454_003271.jpg,6
test_2022_eece454_003272.jpg,8
test_2022_eece454_003273.jpg,10
test_2022_eece454_003274.jpg,8
test_2022_eece454_003275.jpg,3
test_2022_eece454_003276.jpg,13
test_2022_eece454_003277.jpg,10
test_2022_eece454_003278.jpg,6
test_2022_eece454_003279.jpg,3
test_2022_eece454_003280.jpg,3
test_2022_eece454_003281.jpg,14
test_2022_eece454_003282.jpg,4
test_2022_eece454_003283.jpg,5
test_2022_eece454_003284.jpg,4
test_2022_eece454_003285.jpg,11
test_2022_eece454_003286.jpg,10
test_2022_eece454_003287.jpg,1
test_2022_eece454_003288.jpg,8
test_2022_eece454_003289.jpg,0
test_2022_eece454_003290.jpg,14
test_2022_eece454_003291.jpg,5
test_2022_eece454_003292.jpg,5
test_2022_eece454_003293.jpg,8
test_2022_eece454_003294.jpg,13
test_2022_eece454_003295.jpg,14
test_2022_eece454_003296.jpg,6
test_2022_eece454_003297.jpg,0
test_2022_eece454_003298.jpg,2
test_2022_eece454_003299.jpg,8
test_2022_eece454_003300.jpg,7
test_2022_eece454_003301.jpg,5
test_2022_eece454_003302.jpg,10
test_2022_eece454_003303.jpg,12
test_2022_eece454_003304.jpg,0
test_2022_eece454_003305.jpg,10
test_2022_eece454_003306.jpg,7
test_2022_eece454_003307.jpg,4
test_2022_eece454_003308.jpg,7
test_2022_eece454_003309.jpg,2
test_2022_eece454_003310.jpg,3
test_2022_eece454_003311.jpg,4
test_2022_eece454_003312.jpg,2
test_2022_eece454_003313.jpg,6
test_2022_eece454_003314.jpg,13
test_2022_eece454_003315.jpg,6
test_2022_eece454_003316.jpg,0
test_2022_eece454_003317.jpg,0
test_2022_eece454_003318.jpg,13
test_2022_eece454_003319.jpg,8
test_2022_eece454_003320.jpg,0
test_2022_eece454_003321.jpg,12
test_2022_eece454_003322.jpg,12
test_2022_eece454_003323.jpg,6
test_2022_eece454_003324.jpg,6
test_2022_eece454_003325.jpg,11
test_2022_eece454_003326.jpg,8
test_2022_eece454_003327.jpg,4
test_2022_eece454_003328.jpg,11
test_2022_eece454_003329.jpg,9
test_2022_eece454_003330.jpg,4
test_2022_eece454_003331.jpg,2
test_2022_eece454_003332.jpg,8
test_2022_eece454_003333.jpg,5
test_2022_eece454_003334.jpg,14
test_2022_eece454_003335.jpg,8
test_2022_eece454_003336.jpg,0
test_2022_eece454_003337.jpg,9
test_2022_eece454_003338.jpg,3
test_2022_eece454_003339.jpg,11
test_2022_eece454_003340.jpg,4
test_2022_eece454_003341.jpg,2
test_2022_eece454_003342.jpg,14
test_2022_eece454_003343.jpg,4
test_2022_eece454_003344.jpg,2
test_2022_eece454_003345.jpg,9
test_2022_eece454_003346.jpg,7
test_2022_eece454_003347.jpg,2
test_2022_eece454_003348.jpg,8
test_2022_eece454_003349.jpg,0
test_2022_eece454_003350.jpg,4
test_2022_eece454_003351.jpg,13
test_2022_eece454_003352.jpg,7
test_2022_eece454_003353.jpg,11
test_2022_eece454_003354.jpg,13
test_2022_eece454_003355.jpg,5
test_2022_eece454_003356.jpg,11
test_2022_eece454_003357.jpg,11
test_2022_eece454_003358.jpg,14
test_2022_eece454_003359.jpg,7
test_2022_eece454_003360.jpg,10
test_2022_eece454_003361.jpg,8
test_2022_eece454_003362.jpg,0
test_2022_eece454_003363.jpg,5
test_2022_eece454_003364.jpg,11
test_2022_eece454_003365.jpg,9
test_2022_eece454_003366.jpg,11
test_2022_eece454_003367.jpg,11
test_2022_eece454_003368.jpg,9
test_2022_eece454_003369.jpg,3
test_2022_eece454_003370.jpg,12
test_2022_eece454_003371.jpg,13
test_2022_eece454_003372.jpg,2
test_2022_eece454_003373.jpg,1
test_2022_eece454_003374.jpg,3
test_2022_eece454_003375.jpg,4
test_2022_eece454_003376.jpg,3
test_2022_eece454_003377.jpg,13
test_2022_eece454_003378.jpg,10
test_2022_eece454_003379.jpg,8
test_2022_eece454_003380.jpg,8
test_2022_eece454_003381.jpg,6
test_2022_eece454_003382.jpg,7
test_2022_eece454_003383.jpg,7
test_2022_eece454_003384.jpg,7
test_2022_eece454_003385.jpg,12
test_2022_eece454_003386.jpg,11
test_2022_eece454_003387.jpg,2
test_2022_eece454_003388.jpg,2
test_2022_eece454_003389.jpg,9
test_2022_eece454_003390.jpg,3
test_2022_eece454_003391.jpg,10
test_2022_eece454_003392.jpg,10
test_2022_eece454_003393.jpg,4
test_2022_eece454_003394.jpg,11
test_2022_eece454_003395.jpg,3
test_2022_eece454_003396.jpg,1
test_2022_eece454_003397.jpg,9
test_2022_eece454_003398.jpg,1
test_2022_eece454_003399.jpg,12
test_2022_eece454_003400.jpg,12
test_2022_eece454_003401.jpg,14
test_2022_eece454_003402.jpg,8
test_2022_eece454_003403.jpg,7
test_2022_eece454_003404.jpg,9
test_2022_eece454_003405.jpg,13
test_2022_eece454_003406.jpg,5
test_2022_eece454_003407.jpg,7
test_2022_eece454_003408.jpg,5
test_2022_eece454_003409.jpg,10
test_2022_eece454_003410.jpg,13
test_2022_eece454_003411.jpg,6
test_2022_eece454_003412.jpg,3
test_2022_eece454_003413.jpg,9
test_2022_eece454_003414.jpg,5
test_2022_eece454_003415.jpg,6
test_2022_eece454_003416.jpg,2
test_2022_eece454_003417.jpg,13
test_2022_eece454_003418.jpg,7
test_2022_eece454_003419.jpg,9
test_2022_eece454_003420.jpg,9
test_2022_eece454_003421.jpg,6
test_2022_eece454_003422.jpg,13
test_2022_eece454_003423.jpg,8
test_2022_eece454_003424.jpg,13
test_2022_eece454_003425.jpg,1
test_2022_eece454_003426.jpg,2
test_2022_eece454_003427.jpg,1
test_2022_eece454_003428.jpg,3
test_2022_eece454_003429.jpg,1
test_2022_eece454_003430.jpg,11
test_2022_eece454_003431.jpg,6
test_2022_eece454_003432.jpg,14
test_2022_eece454_003433.jpg,0
test_2022_eece454_003434.jpg,12
test_2022_eece454_003435.jpg,8
test_2022_eece454_003436.jpg,1
test_2022_eece454_003437.jpg,8
test_2022_eece454_003438.jpg,11
test_2022_eece454_003439.jpg,13
test_2022_eece454_003440.jpg,10
test_2022_eece454_003441.jpg,11
test_2022_eece454_003442.jpg,9
test_2022_eece454_003443.jpg,7
test_2022_eece454_003444.jpg,11
test_2022_eece454_003445.jpg,1
test_2022_eece454_003446.jpg,13
test_2022_eece454_003447.jpg,4
test_2022_eece454_003448.jpg,5
test_2022_eece454_003449.jpg,9
test_2022_eece454_003450.jpg,1
test_2022_eece454_003451.jpg,7
test_2022_eece454_003452.jpg,1
test_2022_eece454_003453.jpg,3
test_2022_eece454_003454.jpg,12
test_2022_eece454_003455.jpg,11
test_2022_eece454_003456.jpg,6
test_2022_eece454_003457.jpg,4
test_2022_eece454_003458.jpg,8
test_2022_eece454_003459.jpg,1
test_2022_eece454_003460.jpg,4
test_2022_eece454_003461.jpg,6
test_2022_eece454_003462.jpg,13
test_2022_eece454_003463.jpg,10
test_2022_eece454_003464.jpg,1
test_2022_eece454_003465.jpg,6
test_2022_eece454_003466.jpg,14
test_2022_eece454_003467.jpg,13
test_2022_eece454_003468.jpg,1
test_2022_eece454_003469.jpg,6
test_2022_eece454_003470.jpg,10
test_2022_eece454_003471.jpg,8
test_2022_eece454_003472.jpg,2
test_2022_eece454_003473.jpg,12
test_2022_eece454_003474.jpg,9
test_2022_eece454_003475.jpg,0
test_2022_eece454_003476.jpg,11
test_2022_eece454_003477.jpg,2
test_2022_eece454_003478.jpg,5
test_2022_eece454_003479.jpg,9
test_2022_eece454_003480.jpg,1
test_2022_eece454_003481.jpg,11
test_2022_eece454_003482.jpg,14
test_2022_eece454_003483.jpg,12
test_2022_eece454_003484.jpg,9
test_2022_eece454_003485.jpg,8
test_2022_eece454_003486.jpg,7
test_2022_eece454_003487.jpg,3
test_2022_eece454_003488.jpg,3
test_2022_eece454_003489.jpg,0
test_2022_eece454_003490.jpg,3
test_2022_eece454_003491.jpg,14
test_2022_eece454_003492.jpg,6
test_2022_eece454_003493.jpg,10
test_2022_eece454_003494.jpg,8
test_2022_eece454_003495.jpg,0
test_2022_eece454_003496.jpg,2
test_2022_eece454_003497.jpg,5
test_2022_eece454_003498.jpg,8
test_2022_eece454_003499.jpg,0
test_2022_eece454_003500.jpg,5
test_2022_eece454_003501.jpg,6
test_2022_eece454_003502.jpg,9
test_2022_eece454_003503.jpg,9
test_2022_eece454_003504.jpg,8
test_2022_eece454_003505.jpg,0
test_2022_eece454_003506.jpg,13
test_2022_eece454_003507.jpg,5
test_2022_eece454_003508.jpg,5
test_2022_eece454_003509.jpg,5
test_2022_eece454_003510.jpg,14
test_2022_eece454_003511.jpg,1
test_2022_eece454_003512.jpg,0
test_2022_eece454_003513.jpg,5
test_2022_eece454_003514.jpg,4
test_2022_eece454_003515.jpg,2
test_2022_eece454_003516.jpg,14
test_2022_eece454_003517.jpg,10
test_2022_eece454_003518.jpg,5
test_2022_eece454_003519.jpg,11
test_2022_eece454_003520.jpg,14
test_2022_eece454_003521.jpg,6
test_2022_eece454_003522.jpg,1
test_2022_eece454_003523.jpg,6
test_2022_eece454_003524.jpg,11
test_2022_eece454_003525.jpg,9
test_2022_eece454_003526.jpg,10
test_2022_eece454_003527.jpg,3
test_2022_eece454_003528.jpg,9
test_2022_eece454_003529.jpg,0
test_2022_eece454_003530.jpg,9
test_2022_eece454_003531.jpg,2
test_2022_eece454_003532.jpg,3
test_2022_eece454_003533.jpg,3
test_2022_eece454_003534.jpg,13
test_2022_eece454_003535.jpg,4
test_2022_eece454_003536.jpg,5
test_2022_eece454_003537.jpg,3
test_2022_eece454_003538.jpg,7
test_2022_eece454_003539.jpg,11
test_2022_eece454_003540.jpg,1
test_2022_eece454_003541.jpg,14
test_2022_eece454_003542.jpg,7
test_2022_eece454_003543.jpg,14
test_2022_eece454_003544.jpg,0
test_2022_eece454_003545.jpg,4
test_2022_eece454_003546.jpg,5
test_2022_eece454_003547.jpg,9
test_2022_eece454_003548.jpg,8
test_2022_eece454_003549.jpg,5
test_2022_eece454_003550.jpg,1
test_2022_eece454_003551.jpg,14
test_2022_eece454_003552.jpg,12
test_2022_eece454_003553.jpg,11
test_2022_eece454_003554.jpg,5
test_2022_eece454_003555.jpg,12
test_2022_eece454_003556.jpg,9
test_2022_eece454_003557.jpg,12
test_2022_eece454_003558.jpg,14
test_2022_eece454_003559.jpg,11
test_2022_eece454_003560.jpg,1
test_2022_eece454_003561.jpg,1
test_2022_eece454_003562.jpg,6
test_2022_eece454_003563.jpg,10
test_2022_eece454_003564.jpg,0
test_2022_eece454_003565.jpg,2
test_2022_eece454_003566.jpg,7
test_2022_eece454_003567.jpg,3
test_2022_eece454_003568.jpg,3
test_2022_eece454_003569.jpg,4
test_2022_eece454_003570.jpg,2
test_2022_eece454_003571.jpg,7
test_2022_eece454_003572.jpg,2
test_2022_eece454_003573.jpg,7
test_2022_eece454_003574.jpg,6
test_2022_eece454_003575.jpg,13
test_2022_eece454_003576.jpg,10
test_2022_eece454_003577.jpg,7
test_2022_eece454_003578.jpg,5
test_2022_eece454_003579.jpg,4
test_2022_eece454_003580.jpg,13
test_2022_eece454_003581.jpg,4
test_2022_eece454_003582.jpg,9
test_2022_eece454_003583.jpg,7
test_2022_eece454_003584.jpg,13
test_2022_eece454_003585.jpg,14
test_2022_eece454_003586.jpg,0
test_2022_eece454_003587.jpg,9
test_2022_eece454_003588.jpg,1
test_2022_eece454_003589.jpg,11
test_2022_eece454_003590.jpg,5
test_2022_eece454_003591.jpg,9
test_2022_eece454_003592.jpg,9
test_2022_eece454_003593.jpg,11
test_2022_eece454_003594.jpg,14
test_2022_eece454_003595.jpg,1
test_2022_eece454_003596.jpg,11
test_2022_eece454_003597.jpg,11
test_2022_eece454_003598.jpg,4
test_2022_eece454_003599.jpg,7
test_2022_eece454_003600.jpg,9
test_2022_eece454_003601.jpg,10
test_2022_eece454_003602.jpg,10
test_2022_eece454_003603.jpg,9
test_2022_eece454_003604.jpg,1
test_2022_eece454_003605.jpg,9
test_2022_eece454_003606.jpg,7
test_2022_eece454_003607.jpg,2
test_2022_eece454_003608.jpg,9
test_2022_eece454_003609.jpg,5
test_2022_eece454_003610.jpg,7
test_2022_eece454_003611.jpg,7
test_2022_eece454_003612.jpg,9
test_2022_eece454_003613.jpg,0
test_2022_eece454_003614.jpg,1
test_2022_eece454_003615.jpg,4
test_2022_eece454_003616.jpg,12
test_2022_eece454_003617.jpg,7
test_2022_eece454_003618.jpg,7
test_2022_eece454_003619.jpg,13
test_2022_eece454_003620.jpg,12
test_2022_eece454_003621.jpg,0
test_2022_eece454_003622.jpg,10
test_2022_eece454_003623.jpg,1
test_2022_eece454_003624.jpg,6
test_2022_eece454_003625.jpg,7
test_2022_eece454_003626.jpg,8
test_2022_eece454_003627.jpg,3
test_2022_eece454_003628.jpg,7
test_2022_eece454_003629.jpg,7
test_2022_eece454_003630.jpg,6
test_2022_eece454_003631.jpg,3
test_2022_eece454_003632.jpg,13
test_2022_eece454_003633.jpg,13
test_2022_eece454_003634.jpg,4
test_2022_eece454_003635.jpg,11
test_2022_eece454_003636.jpg,2
test_2022_eece454_003637.jpg,11
test_2022_eece454_003638.jpg,2
test_2022_eece454_003639.jpg,5
test_2022_eece454_003640.jpg,4
test_2022_eece454_003641.jpg,11
test_2022_eece454_003642.jpg,9
test_2022_eece454_003643.jpg,7
test_2022_eece454_003644.jpg,3
test_2022_eece454_003645.jpg,8
test_2022_eece454_003646.jpg,9
test_2022_eece454_003647.jpg,7
test_2022_eece454_003648.jpg,5
test_2022_eece454_003649.jpg,1
test_2022_eece454_003650.jpg,8
test_2022_eece454_003651.jpg,3
test_2022_eece454_003652.jpg,8
test_2022_eece454_003653.jpg,6
test_2022_eece454_003654.jpg,14
test_2022_eece454_003655.jpg,3
test_2022_eece454_003656.jpg,0
test_2022_eece454_003657.jpg,6
test_2022_eece454_003658.jpg,7
test_2022_eece454_003659.jpg,12
test_2022_eece454_003660.jpg,5
test_2022_eece454_003661.jpg,5
test_2022_eece454_003662.jpg,4
test_2022_eece454_003663.jpg,2
test_2022_eece454_003664.jpg,6
test_2022_eece454_003665.jpg,8
test_2022_eece454_003666.jpg,0
test_2022_eece454_003667.jpg,12
test_2022_eece454_003668.jpg,11
test_2022_eece454_003669.jpg,7
test_2022_eece454_003670.jpg,4
test_2022_eece454_003671.jpg,9
test_2022_eece454_003672.jpg,2
test_2022_eece454_003673.jpg,7
test_2022_eece454_003674.jpg,7
test_2022_eece454_003675.jpg,11
test_2022_eece454_003676.jpg,3
test_2022_eece454_003677.jpg,9
test_2022_eece454_003678.jpg,13
test_2022_eece454_003679.jpg,9
test_2022_eece454_003680.jpg,10
test_2022_eece454_003681.jpg,12
test_2022_eece454_003682.jpg,12
test_2022_eece454_003683.jpg,11
test_2022_eece454_003684.jpg,0
test_2022_eece454_003685.jpg,13
test_2022_eece454_003686.jpg,11
test_2022_eece454_003687.jpg,10
test_2022_eece454_003688.jpg,4
test_2022_eece454_003689.jpg,13
test_2022_eece454_003690.jpg,1
test_2022_eece454_003691.jpg,4
test_2022_eece454_003692.jpg,5
test_2022_eece454_003693.jpg,1
test_2022_eece454_003694.jpg,1
test_2022_eece454_003695.jpg,9
test_2022_eece454_003696.jpg,1
test_2022_eece454_003697.jpg,8
test_2022_eece454_003698.jpg,7
test_2022_eece454_003699.jpg,8
test_2022_eece454_003700.jpg,10
test_2022_eece454_003701.jpg,12
test_2022_eece454_003702.jpg,13
test_2022_eece454_003703.jpg,3
test_2022_eece454_003704.jpg,1
test_2022_eece454_003705.jpg,0
test_2022_eece454_003706.jpg,6
test_2022_eece454_003707.jpg,14
test_2022_eece454_003708.jpg,1
test_2022_eece454_003709.jpg,12
test_2022_eece454_003710.jpg,14
test_2022_eece454_003711.jpg,7
test_2022_eece454_003712.jpg,8
test_2022_eece454_003713.jpg,5
test_2022_eece454_003714.jpg,7
test_2022_eece454_003715.jpg,7
test_2022_eece454_003716.jpg,0
test_2022_eece454_003717.jpg,13
test_2022_eece454_003718.jpg,6
test_2022_eece454_003719.jpg,1
test_2022_eece454_003720.jpg,6
test_2022_eece454_003721.jpg,6
test_2022_eece454_003722.jpg,8
test_2022_eece454_003723.jpg,14
test_2022_eece454_003724.jpg,1
test_2022_eece454_003725.jpg,9
test_2022_eece454_003726.jpg,13
test_2022_eece454_003727.jpg,11
test_2022_eece454_003728.jpg,2
test_2022_eece454_003729.jpg,6
test_2022_eece454_003730.jpg,13
test_2022_eece454_003731.jpg,7
test_2022_eece454_003732.jpg,5
test_2022_eece454_003733.jpg,12
test_2022_eece454_003734.jpg,12
test_2022_eece454_003735.jpg,9
test_2022_eece454_003736.jpg,0
test_2022_eece454_003737.jpg,13
test_2022_eece454_003738.jpg,3
test_2022_eece454_003739.jpg,6
test_2022_eece454_003740.jpg,4
test_2022_eece454_003741.jpg,8
test_2022_eece454_003742.jpg,1
test_2022_eece454_003743.jpg,1
test_2022_eece454_003744.jpg,3
test_2022_eece454_003745.jpg,5
test_2022_eece454_003746.jpg,8
test_2022_eece454_003747.jpg,14
test_2022_eece454_003748.jpg,2
test_2022_eece454_003749.jpg,14
test_2022_eece454_003750.jpg,0
test_2022_eece454_003751.jpg,12
test_2022_eece454_003752.jpg,8
test_2022_eece454_003753.jpg,7
test_2022_eece454_003754.jpg,6
test_2022_eece454_003755.jpg,11
test_2022_eece454_003756.jpg,1
test_2022_eece454_003757.jpg,5
test_2022_eece454_003758.jpg,7
test_2022_eece454_003759.jpg,8
test_2022_eece454_003760.jpg,12
test_2022_eece454_003761.jpg,9
test_2022_eece454_003762.jpg,2
test_2022_eece454_003763.jpg,14
test_2022_eece454_003764.jpg,6
test_2022_eece454_003765.jpg,1
test_2022_eece454_003766.jpg,6
test_2022_eece454_003767.jpg,0
test_2022_eece454_003768.jpg,8
test_2022_eece454_003769.jpg,6
test_2022_eece454_003770.jpg,4
test_2022_eece454_003771.jpg,14
test_2022_eece454_003772.jpg,0
test_2022_eece454_003773.jpg,10
test_2022_eece454_003774.jpg,6
test_2022_eece454_003775.jpg,7
test_2022_eece454_003776.jpg,14
test_2022_eece454_003777.jpg,4
test_2022_eece454_003778.jpg,4
test_2022_eece454_003779.jpg,13
test_2022_eece454_003780.jpg,9
test_2022_eece454_003781.jpg,4
test_2022_eece454_003782.jpg,10
test_2022_eece454_003783.jpg,4
test_2022_eece454_003784.jpg,10
test_2022_eece454_003785.jpg,14
test_2022_eece454_003786.jpg,3
test_2022_eece454_003787.jpg,2
test_2022_eece454_003788.jpg,13
test_2022_eece454_003789.jpg,11
test_2022_eece454_003790.jpg,7
test_2022_eece454_003791.jpg,1
test_2022_eece454_003792.jpg,6
test_2022_eece454_003793.jpg,4
test_2022_eece454_003794.jpg,9
test_2022_eece454_003795.jpg,4
test_2022_eece454_003796.jpg,5
test_2022_eece454_003797.jpg,9
test_2022_eece454_003798.jpg,8
test_2022_eece454_003799.jpg,11
test_2022_eece454_003800.jpg,6
test_2022_eece454_003801.jpg,1
test_2022_eece454_003802.jpg,8
test_2022_eece454_003803.jpg,8
test_2022_eece454_003804.jpg,9
test_2022_eece454_003805.jpg,1
test_2022_eece454_003806.jpg,7
test_2022_eece454_003807.jpg,4
test_2022_eece454_003808.jpg,3
test_2022_eece454_003809.jpg,8
test_2022_eece454_003810.jpg,7
test_2022_eece454_003811.jpg,5
test_2022_eece454_003812.jpg,8
test_2022_eece454_003813.jpg,3
test_2022_eece454_003814.jpg,6
test_2022_eece454_003815.jpg,6
test_2022_eece454_003816.jpg,12
test_2022_eece454_003817.jpg,2
test_2022_eece454_003818.jpg,7
test_2022_eece454_003819.jpg,6
test_2022_eece454_003820.jpg,4
test_2022_eece454_003821.jpg,9
test_2022_eece454_003822.jpg,11
test_2022_eece454_003823.jpg,5
test_2022_eece454_003824.jpg,11
test_2022_eece454_003825.jpg,4
test_2022_eece454_003826.jpg,3
test_2022_eece454_003827.jpg,8
test_2022_eece454_003828.jpg,9
test_2022_eece454_003829.jpg,1
test_2022_eece454_003830.jpg,7
test_2022_eece454_003831.jpg,9
test_2022_eece454_003832.jpg,14
test_2022_eece454_003833.jpg,8
test_2022_eece454_003834.jpg,14
test_2022_eece454_003835.jpg,7
test_2022_eece454_003836.jpg,11
test_2022_eece454_003837.jpg,0
test_2022_eece454_003838.jpg,7
test_2022_eece454_003839.jpg,5
test_2022_eece454_003840.jpg,2
test_2022_eece454_003841.jpg,9
test_2022_eece454_003842.jpg,5
test_2022_eece454_003843.jpg,3
test_2022_eece454_003844.jpg,12
test_2022_eece454_003845.jpg,8
test_2022_eece454_003846.jpg,8
test_2022_eece454_003847.jpg,9
test_2022_eece454_003848.jpg,10
test_2022_eece454_003849.jpg,8
test_2022_eece454_003850.jpg,1
test_2022_eece454_003851.jpg,8
test_2022_eece454_003852.jpg,8
test_2022_eece454_003853.jpg,1
test_2022_eece454_003854.jpg,4
test_2022_eece454_003855.jpg,2
test_2022_eece454_003856.jpg,3
test_2022_eece454_003857.jpg,0
test_2022_eece454_003858.jpg,10
test_2022_eece454_003859.jpg,1
test_2022_eece454_003860.jpg,1
test_2022_eece454_003861.jpg,0
test_2022_eece454_003862.jpg,14
test_2022_eece454_003863.jpg,9
test_2022_eece454_003864.jpg,10
test_2022_eece454_003865.jpg,9
test_2022_eece454_003866.jpg,3
test_2022_eece454_003867.jpg,1
test_2022_eece454_003868.jpg,7
test_2022_eece454_003869.jpg,13
test_2022_eece454_003870.jpg,12
test_2022_eece454_003871.jpg,2
test_2022_eece454_003872.jpg,11
test_2022_eece454_003873.jpg,14
test_2022_eece454_003874.jpg,2
test_2022_eece454_003875.jpg,0
test_2022_eece454_003876.jpg,10
test_2022_eece454_003877.jpg,2
test_2022_eece454_003878.jpg,0
test_2022_eece454_003879.jpg,10
test_2022_eece454_003880.jpg,1
test_2022_eece454_003881.jpg,8
test_2022_eece454_003882.jpg,7
test_2022_eece454_003883.jpg,3
test_2022_eece454_003884.jpg,9
test_2022_eece454_003885.jpg,14
test_2022_eece454_003886.jpg,0
test_2022_eece454_003887.jpg,6
test_2022_eece454_003888.jpg,14
test_2022_eece454_003889.jpg,2
test_2022_eece454_003890.jpg,6
test_2022_eece454_003891.jpg,4
test_2022_eece454_003892.jpg,8
test_2022_eece454_003893.jpg,1
test_2022_eece454_003894.jpg,4
test_2022_eece454_003895.jpg,7
test_2022_eece454_003896.jpg,5
test_2022_eece454_003897.jpg,0
test_2022_eece454_003898.jpg,5
test_2022_eece454_003899.jpg,9
test_2022_eece454_003900.jpg,6
test_2022_eece454_003901.jpg,6
test_2022_eece454_003902.jpg,13
test_2022_eece454_003903.jpg,13
test_2022_eece454_003904.jpg,0
test_2022_eece454_003905.jpg,3
test_2022_eece454_003906.jpg,4
test_2022_eece454_003907.jpg,11
test_2022_eece454_003908.jpg,7
test_2022_eece454_003909.jpg,8
test_2022_eece454_003910.jpg,7
test_2022_eece454_003911.jpg,9
test_2022_eece454_003912.jpg,11
test_2022_eece454_003913.jpg,2
test_2022_eece454_003914.jpg,9
test_2022_eece454_003915.jpg,13
test_2022_eece454_003916.jpg,4
test_2022_eece454_003917.jpg,6
test_2022_eece454_003918.jpg,10
test_2022_eece454_003919.jpg,2
test_2022_eece454_003920.jpg,9
test_2022_eece454_003921.jpg,9
test_2022_eece454_003922.jpg,8
test_2022_eece454_003923.jpg,9
test_2022_eece454_003924.jpg,4
test_2022_eece454_003925.jpg,5
test_2022_eece454_003926.jpg,14
test_2022_eece454_003927.jpg,9
test_2022_eece454_003928.jpg,8
test_2022_eece454_003929.jpg,9
test_2022_eece454_003930.jpg,11
test_2022_eece454_003931.jpg,9
test_2022_eece454_003932.jpg,9
test_2022_eece454_003933.jpg,6
test_2022_eece454_003934.jpg,14
test_2022_eece454_003935.jpg,7
test_2022_eece454_003936.jpg,12
test_2022_eece454_003937.jpg,5
test_2022_eece454_003938.jpg,0
test_2022_eece454_003939.jpg,6
test_2022_eece454_003940.jpg,9
test_2022_eece454_003941.jpg,8
test_2022_eece454_003942.jpg,5
test_2022_eece454_003943.jpg,6
test_2022_eece454_003944.jpg,13
test_2022_eece454_003945.jpg,6
test_2022_eece454_003946.jpg,9
test_2022_eece454_003947.jpg,7
test_2022_eece454_003948.jpg,14
test_2022_eece454_003949.jpg,2
test_2022_eece454_003950.jpg,7
test_2022_eece454_003951.jpg,3
test_2022_eece454_003952.jpg,7
test_2022_eece454_003953.jpg,5
test_2022_eece454_003954.jpg,0
test_2022_eece454_003955.jpg,10
test_2022_eece454_003956.jpg,2
test_2022_eece454_003957.jpg,11
test_2022_eece454_003958.jpg,6
test_2022_eece454_003959.jpg,11
test_2022_eece454_003960.jpg,1
test_2022_eece454_003961.jpg,6
test_2022_eece454_003962.jpg,11
test_2022_eece454_003963.jpg,10
test_2022_eece454_003964.jpg,3
test_2022_eece454_003965.jpg,6
test_2022_eece454_003966.jpg,2
test_2022_eece454_003967.jpg,3
test_2022_eece454_003968.jpg,10
test_2022_eece454_003969.jpg,13
test_2022_eece454_003970.jpg,12
test_2022_eece454_003971.jpg,8
test_2022_eece454_003972.jpg,7
test_2022_eece454_003973.jpg,13
test_2022_eece454_003974.jpg,7
test_2022_eece454_003975.jpg,13
test_2022_eece454_003976.jpg,0
test_2022_eece454_003977.jpg,1
test_2022_eece454_003978.jpg,3
test_2022_eece454_003979.jpg,13
test_2022_eece454_003980.jpg,2
test_2022_eece454_003981.jpg,6
test_2022_eece454_003982.jpg,11
test_2022_eece454_003983.jpg,9
test_2022_eece454_003984.jpg,0
test_2022_eece454_003985.jpg,10
test_2022_eece454_003986.jpg,0
test_2022_eece454_003987.jpg,6
test_2022_eece454_003988.jpg,14
test_2022_eece454_003989.jpg,5
test_2022_eece454_003990.jpg,13
test_2022_eece454_003991.jpg,5
test_2022_eece454_003992.jpg,8
test_2022_eece454_003993.jpg,2
test_2022_eece454_003994.jpg,5
test_2022_eece454_003995.jpg,6
test_2022_eece454_003996.jpg,4
test_2022_eece454_003997.jpg,12
test_2022_eece454_003998.jpg,14
test_2022_eece454_003999.jpg,11
test_2022_eece454_004000.jpg,9
test_2022_eece454_004001.jpg,8
test_2022_eece454_004002.jpg,11
test_2022_eece454_004003.jpg,13
test_2022_eece454_004004.jpg,12
test_2022_eece454_004005.jpg,5
test_2022_eece454_004006.jpg,10
test_2022_eece454_004007.jpg,6
test_2022_eece454_004008.jpg,14
test_2022_eece454_004009.jpg,14
test_2022_eece454_004010.jpg,3
test_2022_eece454_004011.jpg,6
test_2022_eece454_004012.jpg,8
test_2022_eece454_004013.jpg,0
test_2022_eece454_004014.jpg,13
test_2022_eece454_004015.jpg,7
test_2022_eece454_004016.jpg,0
test_2022_eece454_004017.jpg,7
test_2022_eece454_004018.jpg,7
test_2022_eece454_004019.jpg,14
test_2022_eece454_004020.jpg,14
test_2022_eece454_004021.jpg,5
test_2022_eece454_004022.jpg,2
test_2022_eece454_004023.jpg,11
test_2022_eece454_004024.jpg,2
test_2022_eece454_004025.jpg,2
test_2022_eece454_004026.jpg,9
test_2022_eece454_004027.jpg,2
test_2022_eece454_004028.jpg,2
test_2022_eece454_004029.jpg,13
test_2022_eece454_004030.jpg,2
test_2022_eece454_004031.jpg,3
test_2022_eece454_004032.jpg,2
test_2022_eece454_004033.jpg,14
test_2022_eece454_004034.jpg,0
test_2022_eece454_004035.jpg,8
test_2022_eece454_004036.jpg,2
test_2022_eece454_004037.jpg,4
test_2022_eece454_004038.jpg,10
test_2022_eece454_004039.jpg,6
test_2022_eece454_004040.jpg,0
test_2022_eece454_004041.jpg,6
test_2022_eece454_004042.jpg,0
test_2022_eece454_004043.jpg,8
test_2022_eece454_004044.jpg,8
test_2022_eece454_004045.jpg,14
test_2022_eece454_004046.jpg,2
test_2022_eece454_004047.jpg,11
test_2022_eece454_004048.jpg,12
test_2022_eece454_004049.jpg,10
test_2022_eece454_004050.jpg,11
test_2022_eece454_004051.jpg,1
test_2022_eece454_004052.jpg,2
test_2022_eece454_004053.jpg,6
test_2022_eece454_004054.jpg,13
test_2022_eece454_004055.jpg,1
test_2022_eece454_004056.jpg,14
test_2022_eece454_004057.jpg,4
test_2022_eece454_004058.jpg,7
test_2022_eece454_004059.jpg,11
test_2022_eece454_004060.jpg,0
test_2022_eece454_004061.jpg,13
test_2022_eece454_004062.jpg,13
test_2022_eece454_004063.jpg,0
test_2022_eece454_004064.jpg,2
test_2022_eece454_004065.jpg,6
test_2022_eece454_004066.jpg,6
test_2022_eece454_004067.jpg,6
test_2022_eece454_004068.jpg,14
test_2022_eece454_004069.jpg,10
test_2022_eece454_004070.jpg,4
test_2022_eece454_004071.jpg,6
test_2022_eece454_004072.jpg,12
test_2022_eece454_004073.jpg,7
test_2022_eece454_004074.jpg,1
test_2022_eece454_004075.jpg,5
test_2022_eece454_004076.jpg,0
test_2022_eece454_004077.jpg,11
test_2022_eece454_004078.jpg,8
test_2022_eece454_004079.jpg,11
test_2022_eece454_004080.jpg,14
test_2022_eece454_004081.jpg,12
test_2022_eece454_004082.jpg,1
test_2022_eece454_004083.jpg,0
test_2022_eece454_004084.jpg,8
test_2022_eece454_004085.jpg,10
test_2022_eece454_004086.jpg,2
test_2022_eece454_004087.jpg,8
test_2022_eece454_004088.jpg,10
test_2022_eece454_004089.jpg,5
test_2022_eece454_004090.jpg,12
test_2022_eece454_004091.jpg,0
test_2022_eece454_004092.jpg,1
test_2022_eece454_004093.jpg,12
test_2022_eece454_004094.jpg,14
test_2022_eece454_004095.jpg,12
test_2022_eece454_004096.jpg,14
test_2022_eece454_004097.jpg,1
test_2022_eece454_004098.jpg,11
test_2022_eece454_004099.jpg,13
test_2022_eece454_004100.jpg,12
test_2022_eece454_004101.jpg,9
test_2022_eece454_004102.jpg,0
test_2022_eece454_004103.jpg,2
test_2022_eece454_004104.jpg,8
test_2022_eece454_004105.jpg,14
test_2022_eece454_004106.jpg,12
test_2022_eece454_004107.jpg,13
test_2022_eece454_004108.jpg,5
test_2022_eece454_004109.jpg,10
test_2022_eece454_004110.jpg,5
test_2022_eece454_004111.jpg,0
test_2022_eece454_004112.jpg,13
test_2022_eece454_004113.jpg,10
test_2022_eece454_004114.jpg,10
test_2022_eece454_004115.jpg,2
test_2022_eece454_004116.jpg,14
test_2022_eece454_004117.jpg,4
test_2022_eece454_004118.jpg,14
test_2022_eece454_004119.jpg,2
test_2022_eece454_004120.jpg,1
test_2022_eece454_004121.jpg,1
test_2022_eece454_004122.jpg,14
test_2022_eece454_004123.jpg,0
test_2022_eece454_004124.jpg,14
test_2022_eece454_004125.jpg,8
test_2022_eece454_004126.jpg,11
test_2022_eece454_004127.jpg,12
test_2022_eece454_004128.jpg,11
test_2022_eece454_004129.jpg,1
test_2022_eece454_004130.jpg,10
test_2022_eece454_004131.jpg,1
test_2022_eece454_004132.jpg,8
test_2022_eece454_004133.jpg,14
test_2022_eece454_004134.jpg,7
test_2022_eece454_004135.jpg,12
test_2022_eece454_004136.jpg,4
test_2022_eece454_004137.jpg,1
test_2022_eece454_004138.jpg,2
test_2022_eece454_004139.jpg,7
test_2022_eece454_004140.jpg,3
test_2022_eece454_004141.jpg,7
test_2022_eece454_004142.jpg,12
test_2022_eece454_004143.jpg,1
test_2022_eece454_004144.jpg,13
test_2022_eece454_004145.jpg,12
test_2022_eece454_004146.jpg,6
test_2022_eece454_004147.jpg,5
test_2022_eece454_004148.jpg,13
test_2022_eece454_004149.jpg,2
test_2022_eece454_004150.jpg,4
test_2022_eece454_004151.jpg,8
test_2022_eece454_004152.jpg,5
test_2022_eece454_004153.jpg,11
test_2022_eece454_004154.jpg,5
test_2022_eece454_004155.jpg,6
test_2022_eece454_004156.jpg,7
test_2022_eece454_004157.jpg,12
test_2022_eece454_004158.jpg,13
test_2022_eece454_004159.jpg,13
test_2022_eece454_004160.jpg,2
test_2022_eece454_004161.jpg,1
test_2022_eece454_004162.jpg,5
test_2022_eece454_004163.jpg,2
test_2022_eece454_004164.jpg,9
test_2022_eece454_004165.jpg,6
test_2022_eece454_004166.jpg,8
test_2022_eece454_004167.jpg,6
test_2022_eece454_004168.jpg,5
test_2022_eece454_004169.jpg,14
test_2022_eece454_004170.jpg,3
test_2022_eece454_004171.jpg,12
test_2022_eece454_004172.jpg,12
test_2022_eece454_004173.jpg,14
test_2022_eece454_004174.jpg,7
test_2022_eece454_004175.jpg,5
test_2022_eece454_004176.jpg,7
test_2022_eece454_004177.jpg,14
test_2022_eece454_004178.jpg,12
test_2022_eece454_004179.jpg,10
test_2022_eece454_004180.jpg,5
test_2022_eece454_004181.jpg,5
test_2022_eece454_004182.jpg,8
test_2022_eece454_004183.jpg,5
test_2022_eece454_004184.jpg,14
test_2022_eece454_004185.jpg,3
test_2022_eece454_004186.jpg,13
test_2022_eece454_004187.jpg,0
test_2022_eece454_004188.jpg,1
test_2022_eece454_004189.jpg,1
test_2022_eece454_004190.jpg,1
test_2022_eece454_004191.jpg,9
test_2022_eece454_004192.jpg,14
test_2022_eece454_004193.jpg,11
test_2022_eece454_004194.jpg,14
test_2022_eece454_004195.jpg,1
test_2022_eece454_004196.jpg,11
test_2022_eece454_004197.jpg,13
test_2022_eece454_004198.jpg,4
test_2022_eece454_004199.jpg,0
test_2022_eece454_004200.jpg,6
test_2022_eece454_004201.jpg,12
test_2022_eece454_004202.jpg,9
test_2022_eece454_004203.jpg,9
test_2022_eece454_004204.jpg,12
test_2022_eece454_004205.jpg,3
test_2022_eece454_004206.jpg,4
test_2022_eece454_004207.jpg,2
test_2022_eece454_004208.jpg,3
test_2022_eece454_004209.jpg,14
test_2022_eece454_004210.jpg,5
test_2022_eece454_004211.jpg,11
test_2022_eece454_004212.jpg,6
test_2022_eece454_004213.jpg,7
test_2022_eece454_004214.jpg,12
test_2022_eece454_004215.jpg,11
test_2022_eece454_004216.jpg,10
test_2022_eece454_004217.jpg,12
test_2022_eece454_004218.jpg,2
test_2022_eece454_004219.jpg,0
test_2022_eece454_004220.jpg,5
test_2022_eece454_004221.jpg,2
test_2022_eece454_004222.jpg,1
test_2022_eece454_004223.jpg,8
test_2022_eece454_004224.jpg,13
test_2022_eece454_004225.jpg,1
test_2022_eece454_004226.jpg,7
test_2022_eece454_004227.jpg,7
test_2022_eece454_004228.jpg,9
test_2022_eece454_004229.jpg,11
test_2022_eece454_004230.jpg,7
test_2022_eece454_004231.jpg,13
test_2022_eece454_004232.jpg,8
test_2022_eece454_004233.jpg,13
test_2022_eece454_004234.jpg,1
test_2022_eece454_004235.jpg,10
test_2022_eece454_004236.jpg,11
test_2022_eece454_004237.jpg,2
test_2022_eece454_004238.jpg,5
test_2022_eece454_004239.jpg,13
test_2022_eece454_004240.jpg,9
test_2022_eece454_004241.jpg,7
test_2022_eece454_004242.jpg,5
test_2022_eece454_004243.jpg,10
test_2022_eece454_004244.jpg,3
test_2022_eece454_004245.jpg,7
test_2022_eece454_004246.jpg,2
test_2022_eece454_004247.jpg,10
test_2022_eece454_004248.jpg,6
test_2022_eece454_004249.jpg,5
test_2022_eece454_004250.jpg,5
test_2022_eece454_004251.jpg,6
test_2022_eece454_004252.jpg,0
test_2022_eece454_004253.jpg,12
test_2022_eece454_004254.jpg,7
test_2022_eece454_004255.jpg,7
test_2022_eece454_004256.jpg,11
test_2022_eece454_004257.jpg,6
test_2022_eece454_004258.jpg,12
test_2022_eece454_004259.jpg,7
test_2022_eece454_004260.jpg,7
test_2022_eece454_004261.jpg,10
test_2022_eece454_004262.jpg,8
test_2022_eece454_004263.jpg,0
test_2022_eece454_004264.jpg,9
test_2022_eece454_004265.jpg,1
test_2022_eece454_004266.jpg,10
test_2022_eece454_004267.jpg,7
test_2022_eece454_004268.jpg,5
test_2022_eece454_004269.jpg,13
test_2022_eece454_004270.jpg,5
test_2022_eece454_004271.jpg,5
test_2022_eece454_004272.jpg,12
test_2022_eece454_004273.jpg,2
test_2022_eece454_004274.jpg,1
test_2022_eece454_004275.jpg,14
test_2022_eece454_004276.jpg,12
test_2022_eece454_004277.jpg,8
test_2022_eece454_004278.jpg,8
test_2022_eece454_004279.jpg,2
test_2022_eece454_004280.jpg,2
test_2022_eece454_004281.jpg,1
test_2022_eece454_004282.jpg,6
test_2022_eece454_004283.jpg,3
test_2022_eece454_004284.jpg,2
test_2022_eece454_004285.jpg,7
test_2022_eece454_004286.jpg,13
test_2022_eece454_004287.jpg,4
test_2022_eece454_004288.jpg,9
test_2022_eece454_004289.jpg,4
test_2022_eece454_004290.jpg,4
test_2022_eece454_004291.jpg,2
test_2022_eece454_004292.jpg,13
test_2022_eece454_004293.jpg,12
test_2022_eece454_004294.jpg,2
test_2022_eece454_004295.jpg,1
test_2022_eece454_004296.jpg,6
test_2022_eece454_004297.jpg,11
test_2022_eece454_004298.jpg,7
test_2022_eece454_004299.jpg,6
test_2022_eece454_004300.jpg,6
test_2022_eece454_004301.jpg,2
test_2022_eece454_004302.jpg,8
test_2022_eece454_004303.jpg,8
test_2022_eece454_004304.jpg,5
test_2022_eece454_004305.jpg,6
test_2022_eece454_004306.jpg,7
test_2022_eece454_004307.jpg,5
test_2022_eece454_004308.jpg,7
test_2022_eece454_004309.jpg,0
test_2022_eece454_004310.jpg,4
test_2022_eece454_004311.jpg,5
test_2022_eece454_004312.jpg,0
test_2022_eece454_004313.jpg,5
test_2022_eece454_004314.jpg,8
test_2022_eece454_004315.jpg,13
test_2022_eece454_004316.jpg,6
test_2022_eece454_004317.jpg,0
test_2022_eece454_004318.jpg,4
test_2022_eece454_004319.jpg,10
test_2022_eece454_004320.jpg,8
test_2022_eece454_004321.jpg,0
test_2022_eece454_004322.jpg,2
test_2022_eece454_004323.jpg,5
test_2022_eece454_004324.jpg,6
test_2022_eece454_004325.jpg,6
test_2022_eece454_004326.jpg,5
test_2022_eece454_004327.jpg,6
test_2022_eece454_004328.jpg,11
test_2022_eece454_004329.jpg,1
test_2022_eece454_004330.jpg,7
test_2022_eece454_004331.jpg,2
test_2022_eece454_004332.jpg,4
test_2022_eece454_004333.jpg,11
test_2022_eece454_004334.jpg,6
test_2022_eece454_004335.jpg,5
test_2022_eece454_004336.jpg,1
test_2022_eece454_004337.jpg,2
test_2022_eece454_004338.jpg,14
test_2022_eece454_004339.jpg,3
test_2022_eece454_004340.jpg,1
test_2022_eece454_004341.jpg,5
test_2022_eece454_004342.jpg,12
test_2022_eece454_004343.jpg,7
test_2022_eece454_004344.jpg,6
test_2022_eece454_004345.jpg,4
test_2022_eece454_004346.jpg,4
test_2022_eece454_004347.jpg,11
test_2022_eece454_004348.jpg,13
test_2022_eece454_004349.jpg,11
test_2022_eece454_004350.jpg,9
test_2022_eece454_004351.jpg,9
test_2022_eece454_004352.jpg,8
test_2022_eece454_004353.jpg,8
test_2022_eece454_004354.jpg,13
test_2022_eece454_004355.jpg,14
test_2022_eece454_004356.jpg,9
test_2022_eece454_004357.jpg,3
test_2022_eece454_004358.jpg,5
test_2022_eece454_004359.jpg,13
test_2022_eece454_004360.jpg,12
test_2022_eece454_004361.jpg,7
test_2022_eece454_004362.jpg,14
test_2022_eece454_004363.jpg,3
test_2022_eece454_004364.jpg,5
test_2022_eece454_004365.jpg,8
test_2022_eece454_004366.jpg,1
test_2022_eece454_004367.jpg,7
test_2022_eece454_004368.jpg,6
test_2022_eece454_004369.jpg,0
test_2022_eece454_004370.jpg,12
test_2022_eece454_004371.jpg,12
test_2022_eece454_004372.jpg,7
test_2022_eece454_004373.jpg,9
test_2022_eece454_004374.jpg,9
test_2022_eece454_004375.jpg,8
test_2022_eece454_004376.jpg,8
test_2022_eece454_004377.jpg,5
test_2022_eece454_004378.jpg,7
test_2022_eece454_004379.jpg,8
test_2022_eece454_004380.jpg,8
test_2022_eece454_004381.jpg,6
test_2022_eece454_004382.jpg,4
test_2022_eece454_004383.jpg,14
test_2022_eece454_004384.jpg,5
test_2022_eece454_004385.jpg,8
test_2022_eece454_004386.jpg,4
test_2022_eece454_004387.jpg,3
test_2022_eece454_004388.jpg,0
test_2022_eece454_004389.jpg,8
test_2022_eece454_004390.jpg,10
test_2022_eece454_004391.jpg,13
test_2022_eece454_004392.jpg,9
test_2022_eece454_004393.jpg,5
test_2022_eece454_004394.jpg,14
test_2022_eece454_004395.jpg,7
test_2022_eece454_004396.jpg,5
test_2022_eece454_004397.jpg,7
test_2022_eece454_004398.jpg,11
test_2022_eece454_004399.jpg,3
test_2022_eece454_004400.jpg,0
test_2022_eece454_004401.jpg,10
test_2022_eece454_004402.jpg,3
test_2022_eece454_004403.jpg,8
test_2022_eece454_004404.jpg,0
test_2022_eece454_004405.jpg,8
test_2022_eece454_004406.jpg,8
test_2022_eece454_004407.jpg,9
test_2022_eece454_004408.jpg,6
test_2022_eece454_004409.jpg,7
test_2022_eece454_004410.jpg,12
test_2022_eece454_004411.jpg,10
test_2022_eece454_004412.jpg,14
test_2022_eece454_004413.jpg,7
test_2022_eece454_004414.jpg,7
test_2022_eece454_004415.jpg,14
test_2022_eece454_004416.jpg,4
test_2022_eece454_004417.jpg,2
test_2022_eece454_004418.jpg,4
test_2022_eece454_004419.jpg,13
test_2022_eece454_004420.jpg,14
test_2022_eece454_004421.jpg,10
test_2022_eece454_004422.jpg,10
test_2022_eece454_004423.jpg,9
test_2022_eece454_004424.jpg,6
test_2022_eece454_004425.jpg,9
test_2022_eece454_004426.jpg,10
test_2022_eece454_004427.jpg,8
test_2022_eece454_004428.jpg,14
test_2022_eece454_004429.jpg,2
test_2022_eece454_004430.jpg,10
test_2022_eece454_004431.jpg,9
test_2022_eece454_004432.jpg,5
test_2022_eece454_004433.jpg,4
test_2022_eece454_004434.jpg,11
test_2022_eece454_004435.jpg,14
test_2022_eece454_004436.jpg,4
test_2022_eece454_004437.jpg,14
test_2022_eece454_004438.jpg,5
test_2022_eece454_004439.jpg,11
test_2022_eece454_004440.jpg,7
test_2022_eece454_004441.jpg,4
test_2022_eece454_004442.jpg,0
test_2022_eece454_004443.jpg,7
test_2022_eece454_004444.jpg,4
test_2022_eece454_004445.jpg,8
test_2022_eece454_004446.jpg,6
test_2022_eece454_004447.jpg,7
test_2022_eece454_004448.jpg,6
test_2022_eece454_004449.jpg,14
test_2022_eece454_004450.jpg,0
test_2022_eece454_004451.jpg,0
test_2022_eece454_004452.jpg,5
test_2022_eece454_004453.jpg,0
test_2022_eece454_004454.jpg,10
test_2022_eece454_004455.jpg,13
test_2022_eece454_004456.jpg,3
test_2022_eece454_004457.jpg,9
test_2022_eece454_004458.jpg,12
test_2022_eece454_004459.jpg,3
test_2022_eece454_004460.jpg,7
test_2022_eece454_004461.jpg,10
test_2022_eece454_004462.jpg,3
test_2022_eece454_004463.jpg,11
test_2022_eece454_004464.jpg,12
test_2022_eece454_004465.jpg,2
test_2022_eece454_004466.jpg,10
test_2022_eece454_004467.jpg,9
test_2022_eece454_004468.jpg,14
test_2022_eece454_004469.jpg,3
test_2022_eece454_004470.jpg,2
test_2022_eece454_004471.jpg,6
test_2022_eece454_004472.jpg,5
test_2022_eece454_004473.jpg,14
test_2022_eece454_004474.jpg,14
test_2022_eece454_004475.jpg,10
test_2022_eece454_004476.jpg,5
test_2022_eece454_004477.jpg,12
test_2022_eece454_004478.jpg,10
test_2022_eece454_004479.jpg,8
test_2022_eece454_004480.jpg,1
test_2022_eece454_004481.jpg,0
test_2022_eece454_004482.jpg,8
test_2022_eece454_004483.jpg,13
test_2022_eece454_004484.jpg,14
test_2022_eece454_004485.jpg,9
test_2022_eece454_004486.jpg,4
test_2022_eece454_004487.jpg,12
test_2022_eece454_004488.jpg,6
test_2022_eece454_004489.jpg,5
test_2022_eece454_004490.jpg,12
test_2022_eece454_004491.jpg,8
test_2022_eece454_004492.jpg,8
test_2022_eece454_004493.jpg,0
test_2022_eece454_004494.jpg,10
test_2022_eece454_004495.jpg,3
test_2022_eece454_004496.jpg,6
test_2022_eece454_004497.jpg,3
test_2022_eece454_004498.jpg,1
test_2022_eece454_004499.jpg,10
test_2022_eece454_004500.jpg,12
test_2022_eece454_004501.jpg,1
test_2022_eece454_004502.jpg,6
test_2022_eece454_004503.jpg,3
test_2022_eece454_004504.jpg,5
test_2022_eece454_004505.jpg,5
test_2022_eece454_004506.jpg,13
test_2022_eece454_004507.jpg,11
test_2022_eece454_004508.jpg,13
test_2022_eece454_004509.jpg,13
test_2022_eece454_004510.jpg,5
test_2022_eece454_004511.jpg,8
test_2022_eece454_004512.jpg,8
test_2022_eece454_004513.jpg,9
test_2022_eece454_004514.jpg,1
test_2022_eece454_004515.jpg,7
test_2022_eece454_004516.jpg,1
test_2022_eece454_004517.jpg,11
test_2022_eece454_004518.jpg,0
test_2022_eece454_004519.jpg,2
test_2022_eece454_004520.jpg,1
test_2022_eece454_004521.jpg,1
test_2022_eece454_004522.jpg,6
test_2022_eece454_004523.jpg,1
test_2022_eece454_004524.jpg,0
test_2022_eece454_004525.jpg,11
test_2022_eece454_004526.jpg,13
test_2022_eece454_004527.jpg,11
test_2022_eece454_004528.jpg,1
test_2022_eece454_004529.jpg,11
test_2022_eece454_004530.jpg,0
test_2022_eece454_004531.jpg,1
test_2022_eece454_004532.jpg,11
test_2022_eece454_004533.jpg,7
test_2022_eece454_004534.jpg,5
test_2022_eece454_004535.jpg,9
test_2022_eece454_004536.jpg,14
test_2022_eece454_004537.jpg,8
test_2022_eece454_004538.jpg,7
test_2022_eece454_004539.jpg,6
test_2022_eece454_004540.jpg,1
test_2022_eece454_004541.jpg,13
test_2022_eece454_004542.jpg,6
test_2022_eece454_004543.jpg,14
test_2022_eece454_004544.jpg,12
test_2022_eece454_004545.jpg,3
test_2022_eece454_004546.jpg,2
test_2022_eece454_004547.jpg,6
test_2022_eece454_004548.jpg,3
test_2022_eece454_004549.jpg,12
test_2022_eece454_004550.jpg,9
test_2022_eece454_004551.jpg,14
test_2022_eece454_004552.jpg,2
test_2022_eece454_004553.jpg,2
test_2022_eece454_004554.jpg,10
test_2022_eece454_004555.jpg,14
test_2022_eece454_004556.jpg,3
test_2022_eece454_004557.jpg,10
test_2022_eece454_004558.jpg,4
test_2022_eece454_004559.jpg,4
test_2022_eece454_004560.jpg,14
test_2022_eece454_004561.jpg,7
test_2022_eece454_004562.jpg,6
test_2022_eece454_004563.jpg,1
test_2022_eece454_004564.jpg,7
test_2022_eece454_004565.jpg,7
test_2022_eece454_004566.jpg,14
test_2022_eece454_004567.jpg,4
test_2022_eece454_004568.jpg,2
test_2022_eece454_004569.jpg,2
test_2022_eece454_004570.jpg,2
test_2022_eece454_004571.jpg,6
test_2022_eece454_004572.jpg,10
test_2022_eece454_004573.jpg,6
test_2022_eece454_004574.jpg,2
test_2022_eece454_004575.jpg,11
test_2022_eece454_004576.jpg,2
test_2022_eece454_004577.jpg,6
test_2022_eece454_004578.jpg,9
test_2022_eece454_004579.jpg,5
test_2022_eece454_004580.jpg,1
test_2022_eece454_004581.jpg,1
test_2022_eece454_004582.jpg,14
test_2022_eece454_004583.jpg,5
test_2022_eece454_004584.jpg,14
test_2022_eece454_004585.jpg,8
test_2022_eece454_004586.jpg,9
test_2022_eece454_004587.jpg,3
test_2022_eece454_004588.jpg,9
test_2022_eece454_004589.jpg,1
test_2022_eece454_004590.jpg,7
test_2022_eece454_004591.jpg,1
test_2022_eece454_004592.jpg,7
test_2022_eece454_004593.jpg,11
test_2022_eece454_004594.jpg,5
test_2022_eece454_004595.jpg,13
test_2022_eece454_004596.jpg,3
test_2022_eece454_004597.jpg,9
test_2022_eece454_004598.jpg,1
test_2022_eece454_004599.jpg,3
test_2022_eece454_004600.jpg,11
test_2022_eece454_004601.jpg,5
test_2022_eece454_004602.jpg,14
test_2022_eece454_004603.jpg,11
test_2022_eece454_004604.jpg,3
test_2022_eece454_004605.jpg,13
test_2022_eece454_004606.jpg,11
test_2022_eece454_004607.jpg,0
test_2022_eece454_004608.jpg,14
test_2022_eece454_004609.jpg,10
test_2022_eece454_004610.jpg,1
test_2022_eece454_004611.jpg,5
test_2022_eece454_004612.jpg,12
test_2022_eece454_004613.jpg,7
test_2022_eece454_004614.jpg,14
test_2022_eece454_004615.jpg,11
test_2022_eece454_004616.jpg,6
test_2022_eece454_004617.jpg,12
test_2022_eece454_004618.jpg,10
test_2022_eece454_004619.jpg,13
test_2022_eece454_004620.jpg,0
test_2022_eece454_004621.jpg,14
test_2022_eece454_004622.jpg,5
test_2022_eece454_004623.jpg,13
test_2022_eece454_004624.jpg,7
test_2022_eece454_004625.jpg,9
test_2022_eece454_004626.jpg,10
test_2022_eece454_004627.jpg,12
test_2022_eece454_004628.jpg,1
test_2022_eece454_004629.jpg,1
test_2022_eece454_004630.jpg,14
test_2022_eece454_004631.jpg,0
test_2022_eece454_004632.jpg,5
test_2022_eece454_004633.jpg,1
test_2022_eece454_004634.jpg,5
test_2022_eece454_004635.jpg,9
test_2022_eece454_004636.jpg,11
test_2022_eece454_004637.jpg,0
test_2022_eece454_004638.jpg,6
test_2022_eece454_004639.jpg,8
test_2022_eece454_004640.jpg,3
test_2022_eece454_004641.jpg,7
test_2022_eece454_004642.jpg,11
test_2022_eece454_004643.jpg,4
test_2022_eece454_004644.jpg,10
test_2022_eece454_004645.jpg,0
test_2022_eece454_004646.jpg,9
test_2022_eece454_004647.jpg,1
test_2022_eece454_004648.jpg,9
test_2022_eece454_004649.jpg,9
test_2022_eece454_004650.jpg,12
test_2022_eece454_004651.jpg,8
test_2022_eece454_004652.jpg,11
test_2022_eece454_004653.jpg,7
test_2022_eece454_004654.jpg,8
test_2022_eece454_004655.jpg,14
test_2022_eece454_004656.jpg,3
test_2022_eece454_004657.jpg,4
test_2022_eece454_004658.jpg,7
test_2022_eece454_004659.jpg,14
test_2022_eece454_004660.jpg,10
test_2022_eece454_004661.jpg,3
test_2022_eece454_004662.jpg,6
test_2022_eece454_004663.jpg,9
test_2022_eece454_004664.jpg,7
test_2022_eece454_004665.jpg,5
test_2022_eece454_004666.jpg,10
test_2022_eece454_004667.jpg,8
test_2022_eece454_004668.jpg,2
test_2022_eece454_004669.jpg,6
test_2022_eece454_004670.jpg,1
test_2022_eece454_004671.jpg,6
test_2022_eece454_004672.jpg,4
test_2022_eece454_004673.jpg,2
test_2022_eece454_004674.jpg,1
test_2022_eece454_004675.jpg,11
test_2022_eece454_004676.jpg,8
test_2022_eece454_004677.jpg,10
test_2022_eece454_004678.jpg,4
test_2022_eece454_004679.jpg,11
test_2022_eece454_004680.jpg,10
test_2022_eece454_004681.jpg,14
test_2022_eece454_004682.jpg,11
test_2022_eece454_004683.jpg,5
test_2022_eece454_004684.jpg,2
test_2022_eece454_004685.jpg,14
test_2022_eece454_004686.jpg,11
test_2022_eece454_004687.jpg,9
test_2022_eece454_004688.jpg,11
test_2022_eece454_004689.jpg,10
test_2022_eece454_004690.jpg,12
test_2022_eece454_004691.jpg,3
test_2022_eece454_004692.jpg,11
test_2022_eece454_004693.jpg,13
test_2022_eece454_004694.jpg,10
test_2022_eece454_004695.jpg,2
test_2022_eece454_004696.jpg,5
test_2022_eece454_004697.jpg,11
test_2022_eece454_004698.jpg,1
test_2022_eece454_004699.jpg,12
test_2022_eece454_004700.jpg,2
test_2022_eece454_004701.jpg,8
test_2022_eece454_004702.jpg,11
test_2022_eece454_004703.jpg,12
test_2022_eece454_004704.jpg,4
test_2022_eece454_004705.jpg,4
test_2022_eece454_004706.jpg,2
test_2022_eece454_004707.jpg,0
test_2022_eece454_004708.jpg,14
test_2022_eece454_004709.jpg,11
test_2022_eece454_004710.jpg,0
test_2022_eece454_004711.jpg,4
test_2022_eece454_004712.jpg,3
test_2022_eece454_004713.jpg,10
test_2022_eece454_004714.jpg,9
test_2022_eece454_004715.jpg,11
test_2022_eece454_004716.jpg,12
test_2022_eece454_004717.jpg,7
test_2022_eece454_004718.jpg,10
test_2022_eece454_004719.jpg,8
test_2022_eece454_004720.jpg,1
test_2022_eece454_004721.jpg,0
test_2022_eece454_004722.jpg,3
test_2022_eece454_004723.jpg,4
test_2022_eece454_004724.jpg,6
test_2022_eece454_004725.jpg,7
test_2022_eece454_004726.jpg,5
test_2022_eece454_004727.jpg,9
test_2022_eece454_004728.jpg,0
test_2022_eece454_004729.jpg,0
test_2022_eece454_004730.jpg,12
test_2022_eece454_004731.jpg,6
test_2022_eece454_004732.jpg,8
test_2022_eece454_004733.jpg,1
test_2022_eece454_004734.jpg,12
test_2022_eece454_004735.jpg,6
test_2022_eece454_004736.jpg,10
test_2022_eece454_004737.jpg,2
test_2022_eece454_004738.jpg,8
test_2022_eece454_004739.jpg,8
test_2022_eece454_004740.jpg,5
test_2022_eece454_004741.jpg,1
test_2022_eece454_004742.jpg,13
test_2022_eece454_004743.jpg,11
test_2022_eece454_004744.jpg,0
test_2022_eece454_004745.jpg,6
test_2022_eece454_004746.jpg,13
test_2022_eece454_004747.jpg,9
test_2022_eece454_004748.jpg,14
test_2022_eece454_004749.jpg,5
test_2022_eece454_004750.jpg,5
test_2022_eece454_004751.jpg,12
test_2022_eece454_004752.jpg,6
test_2022_eece454_004753.jpg,1
test_2022_eece454_004754.jpg,0
test_2022_eece454_004755.jpg,1
test_2022_eece454_004756.jpg,11
test_2022_eece454_004757.jpg,0
test_2022_eece454_004758.jpg,13
test_2022_eece454_004759.jpg,1
test_2022_eece454_004760.jpg,11
test_2022_eece454_004761.jpg,11
test_2022_eece454_004762.jpg,11
test_2022_eece454_004763.jpg,11
test_2022_eece454_004764.jpg,12
test_2022_eece454_004765.jpg,6
test_2022_eece454_004766.jpg,14
test_2022_eece454_004767.jpg,11
test_2022_eece454_004768.jpg,7
test_2022_eece454_004769.jpg,1
test_2022_eece454_004770.jpg,9
test_2022_eece454_004771.jpg,6
test_2022_eece454_004772.jpg,5
test_2022_eece454_004773.jpg,9
test_2022_eece454_004774.jpg,3
test_2022_eece454_004775.jpg,12
test_2022_eece454_004776.jpg,10
test_2022_eece454_004777.jpg,10
test_2022_eece454_004778.jpg,8
test_2022_eece454_004779.jpg,10
test_2022_eece454_004780.jpg,7
test_2022_eece454_004781.jpg,6
test_2022_eece454_004782.jpg,12
test_2022_eece454_004783.jpg,3
test_2022_eece454_004784.jpg,7
test_2022_eece454_004785.jpg,6
test_2022_eece454_004786.jpg,1
test_2022_eece454_004787.jpg,9
test_2022_eece454_004788.jpg,9
test_2022_eece454_004789.jpg,0
test_2022_eece454_004790.jpg,9
test_2022_eece454_004791.jpg,13
test_2022_eece454_004792.jpg,11
test_2022_eece454_004793.jpg,1
test_2022_eece454_004794.jpg,12
test_2022_eece454_004795.jpg,14
test_2022_eece454_004796.jpg,11
test_2022_eece454_004797.jpg,13
test_2022_eece454_004798.jpg,13
test_2022_eece454_004799.jpg,6
test_2022_eece454_004800.jpg,8
test_2022_eece454_004801.jpg,1
test_2022_eece454_004802.jpg,1
test_2022_eece454_004803.jpg,1
test_2022_eece454_004804.jpg,10
test_2022_eece454_004805.jpg,1
test_2022_eece454_004806.jpg,7
test_2022_eece454_004807.jpg,9
test_2022_eece454_004808.jpg,9
test_2022_eece454_004809.jpg,14
test_2022_eece454_004810.jpg,4
test_2022_eece454_004811.jpg,12
test_2022_eece454_004812.jpg,12
test_2022_eece454_004813.jpg,1
test_2022_eece454_004814.jpg,3
test_2022_eece454_004815.jpg,13
test_2022_eece454_004816.jpg,1
test_2022_eece454_004817.jpg,1
test_2022_eece454_004818.jpg,7
test_2022_eece454_004819.jpg,4
test_2022_eece454_004820.jpg,4
test_2022_eece454_004821.jpg,12
test_2022_eece454_004822.jpg,0
test_2022_eece454_004823.jpg,0
test_2022_eece454_004824.jpg,4
test_2022_eece454_004825.jpg,6
test_2022_eece454_004826.jpg,0
test_2022_eece454_004827.jpg,5
test_2022_eece454_004828.jpg,9
test_2022_eece454_004829.jpg,3
test_2022_eece454_004830.jpg,4
test_2022_eece454_004831.jpg,12
test_2022_eece454_004832.jpg,6
test_2022_eece454_004833.jpg,4
test_2022_eece454_004834.jpg,14
test_2022_eece454_004835.jpg,1
test_2022_eece454_004836.jpg,13
test_2022_eece454_004837.jpg,0
test_2022_eece454_004838.jpg,9
test_2022_eece454_004839.jpg,1
test_2022_eece454_004840.jpg,13
test_2022_eece454_004841.jpg,13
test_2022_eece454_004842.jpg,1
test_2022_eece454_004843.jpg,4
test_2022_eece454_004844.jpg,2
test_2022_eece454_004845.jpg,2
test_2022_eece454_004846.jpg,0
test_2022_eece454_004847.jpg,1
test_2022_eece454_004848.jpg,12
test_2022_eece454_004849.jpg,10
test_2022_eece454_004850.jpg,14
test_2022_eece454_004851.jpg,10
test_2022_eece454_004852.jpg,3
test_2022_eece454_004853.jpg,0
test_2022_eece454_004854.jpg,14
test_2022_eece454_004855.jpg,0
test_2022_eece454_004856.jpg,10
test_2022_eece454_004857.jpg,6
test_2022_eece454_004858.jpg,3
test_2022_eece454_004859.jpg,5
test_2022_eece454_004860.jpg,10
test_2022_eece454_004861.jpg,11
test_2022_eece454_004862.jpg,9
test_2022_eece454_004863.jpg,8
test_2022_eece454_004864.jpg,3
test_2022_eece454_004865.jpg,3
test_2022_eece454_004866.jpg,9
test_2022_eece454_004867.jpg,13
test_2022_eece454_004868.jpg,7
test_2022_eece454_004869.jpg,12
test_2022_eece454_004870.jpg,9
test_2022_eece454_004871.jpg,4
test_2022_eece454_004872.jpg,3
test_2022_eece454_004873.jpg,3
test_2022_eece454_004874.jpg,13
test_2022_eece454_004875.jpg,11
test_2022_eece454_004876.jpg,9
test_2022_eece454_004877.jpg,2
test_2022_eece454_004878.jpg,7
test_2022_eece454_004879.jpg,3
test_2022_eece454_004880.jpg,13
test_2022_eece454_004881.jpg,1
test_2022_eece454_004882.jpg,3
test_2022_eece454_004883.jpg,0
test_2022_eece454_004884.jpg,11
test_2022_eece454_004885.jpg,2
test_2022_eece454_004886.jpg,4
test_2022_eece454_004887.jpg,7
test_2022_eece454_004888.jpg,14
test_2022_eece454_004889.jpg,2
test_2022_eece454_004890.jpg,2
test_2022_eece454_004891.jpg,4
test_2022_eece454_004892.jpg,14
test_2022_eece454_004893.jpg,6
test_2022_eece454_004894.jpg,12
test_2022_eece454_004895.jpg,8
test_2022_eece454_004896.jpg,8
test_2022_eece454_004897.jpg,12
test_2022_eece454_004898.jpg,5
test_2022_eece454_004899.jpg,7
test_2022_eece454_004900.jpg,6
test_2022_eece454_004901.jpg,4
test_2022_eece454_004902.jpg,12
test_2022_eece454_004903.jpg,11
test_2022_eece454_004904.jpg,7
test_2022_eece454_004905.jpg,13
test_2022_eece454_004906.jpg,12
test_2022_eece454_004907.jpg,1
test_2022_eece454_004908.jpg,4
test_2022_eece454_004909.jpg,3
test_2022_eece454_004910.jpg,11
test_2022_eece454_004911.jpg,11
test_2022_eece454_004912.jpg,5
test_2022_eece454_004913.jpg,10
test_2022_eece454_004914.jpg,9
test_2022_eece454_004915.jpg,5
test_2022_eece454_004916.jpg,6
test_2022_eece454_004917.jpg,13
test_2022_eece454_004918.jpg,14
test_2022_eece454_004919.jpg,12
test_2022_eece454_004920.jpg,2
test_2022_eece454_004921.jpg,2
test_2022_eece454_004922.jpg,0
test_2022_eece454_004923.jpg,6
test_2022_eece454_004924.jpg,9
test_2022_eece454_004925.jpg,14
test_2022_eece454_004926.jpg,6
test_2022_eece454_004927.jpg,13
test_2022_eece454_004928.jpg,12
test_2022_eece454_004929.jpg,3
test_2022_eece454_004930.jpg,5
test_2022_eece454_004931.jpg,14
test_2022_eece454_004932.jpg,5
test_2022_eece454_004933.jpg,6
test_2022_eece454_004934.jpg,13
test_2022_eece454_004935.jpg,4
test_2022_eece454_004936.jpg,11
test_2022_eece454_004937.jpg,10
test_2022_eece454_004938.jpg,0
test_2022_eece454_004939.jpg,4
test_2022_eece454_004940.jpg,6
test_2022_eece454_004941.jpg,12
test_2022_eece454_004942.jpg,6
test_2022_eece454_004943.jpg,4
test_2022_eece454_004944.jpg,5
test_2022_eece454_004945.jpg,8
test_2022_eece454_004946.jpg,8
test_2022_eece454_004947.jpg,0
test_2022_eece454_004948.jpg,4
test_2022_eece454_004949.jpg,10
test_2022_eece454_004950.jpg,10
test_2022_eece454_004951.jpg,8
test_2022_eece454_004952.jpg,12
test_2022_eece454_004953.jpg,3
test_2022_eece454_004954.jpg,12
test_2022_eece454_004955.jpg,3
test_2022_eece454_004956.jpg,0
test_2022_eece454_004957.jpg,13
test_2022_eece454_004958.jpg,4
test_2022_eece454_004959.jpg,3
test_2022_eece454_004960.jpg,0
test_2022_eece454_004961.jpg,14
test_2022_eece454_004962.jpg,0
test_2022_eece454_004963.jpg,14
test_2022_eece454_004964.jpg,4
test_2022_eece454_004965.jpg,8
test_2022_eece454_004966.jpg,0
test_2022_eece454_004967.jpg,9
test_2022_eece454_004968.jpg,12
test_2022_eece454_004969.jpg,2
test_2022_eece454_004970.jpg,5
test_2022_eece454_004971.jpg,12
test_2022_eece454_004972.jpg,7
test_2022_eece454_004973.jpg,1
test_2022_eece454_004974.jpg,4
test_2022_eece454_004975.jpg,10
test_2022_eece454_004976.jpg,2
test_2022_eece454_004977.jpg,4
test_2022_eece454_004978.jpg,14
test_2022_eece454_004979.jpg,12
test_2022_eece454_004980.jpg,4
test_2022_eece454_004981.jpg,6
test_2022_eece454_004982.jpg,4
test_2022_eece454_004983.jpg,11
test_2022_eece454_004984.jpg,2
test_2022_eece454_004985.jpg,6
test_2022_eece454_004986.jpg,13
test_2022_eece454_004987.jpg,5
test_2022_eece454_004988.jpg,0
test_2022_eece454_004989.jpg,9
test_2022_eece454_004990.jpg,6
test_2022_eece454_004991.jpg,6
test_2022_eece454_004992.jpg,10
test_2022_eece454_004993.jpg,6
test_2022_eece454_004994.jpg,5
test_2022_eece454_004995.jpg,3
test_2022_eece454_004996.jpg,14
test_2022_eece454_004997.jpg,4
test_2022_eece454_004998.jpg,10
test_2022_eece454_004999.jpg,6
test_2022_eece454_005000.jpg,4
test_2022_eece454_005001.jpg,12
test_2022_eece454_005002.jpg,9
test_2022_eece454_005003.jpg,6
test_2022_eece454_005004.jpg,5
test_2022_eece454_005005.jpg,2
test_2022_eece454_005006.jpg,0
test_2022_eece454_005007.jpg,13
test_2022_eece454_005008.jpg,0
test_2022_eece454_005009.jpg,10
test_2022_eece454_005010.jpg,8
test_2022_eece454_005011.jpg,2
test_2022_eece454_005012.jpg,5
test_2022_eece454_005013.jpg,10
test_2022_eece454_005014.jpg,5
test_2022_eece454_005015.jpg,4
test_2022_eece454_005016.jpg,11
test_2022_eece454_005017.jpg,13
test_2022_eece454_005018.jpg,6
test_2022_eece454_005019.jpg,14
test_2022_eece454_005020.jpg,9
test_2022_eece454_005021.jpg,5
test_2022_eece454_005022.jpg,5
test_2022_eece454_005023.jpg,6
test_2022_eece454_005024.jpg,1
test_2022_eece454_005025.jpg,5
test_2022_eece454_005026.jpg,0
test_2022_eece454_005027.jpg,4
test_2022_eece454_005028.jpg,6
test_2022_eece454_005029.jpg,9
test_2022_eece454_005030.jpg,9
test_2022_eece454_005031.jpg,3
test_2022_eece454_005032.jpg,7
test_2022_eece454_005033.jpg,8
test_2022_eece454_005034.jpg,4
test_2022_eece454_005035.jpg,5
test_2022_eece454_005036.jpg,8
test_2022_eece454_005037.jpg,7
test_2022_eece454_005038.jpg,0
test_2022_eece454_005039.jpg,8
test_2022_eece454_005040.jpg,11
test_2022_eece454_005041.jpg,6
test_2022_eece454_005042.jpg,11
test_2022_eece454_005043.jpg,3
test_2022_eece454_005044.jpg,4
test_2022_eece454_005045.jpg,5
test_2022_eece454_005046.jpg,14
test_2022_eece454_005047.jpg,4
test_2022_eece454_005048.jpg,2
test_2022_eece454_005049.jpg,10
test_2022_eece454_005050.jpg,14
test_2022_eece454_005051.jpg,14
test_2022_eece454_005052.jpg,1
test_2022_eece454_005053.jpg,9
test_2022_eece454_005054.jpg,4
test_2022_eece454_005055.jpg,8
test_2022_eece454_005056.jpg,13
test_2022_eece454_005057.jpg,5
test_2022_eece454_005058.jpg,12
test_2022_eece454_005059.jpg,14
test_2022_eece454_005060.jpg,5
test_2022_eece454_005061.jpg,12
test_2022_eece454_005062.jpg,0
test_2022_eece454_005063.jpg,5
test_2022_eece454_005064.jpg,0
test_2022_eece454_005065.jpg,5
test_2022_eece454_005066.jpg,14
test_2022_eece454_005067.jpg,10
test_2022_eece454_005068.jpg,8
test_2022_eece454_005069.jpg,5
test_2022_eece454_005070.jpg,2
test_2022_eece454_005071.jpg,14
test_2022_eece454_005072.jpg,1
test_2022_eece454_005073.jpg,12
test_2022_eece454_005074.jpg,8
test_2022_eece454_005075.jpg,0
test_2022_eece454_005076.jpg,2
test_2022_eece454_005077.jpg,10
test_2022_eece454_005078.jpg,13
test_2022_eece454_005079.jpg,11
test_2022_eece454_005080.jpg,5
test_2022_eece454_005081.jpg,8
test_2022_eece454_005082.jpg,11
test_2022_eece454_005083.jpg,2
test_2022_eece454_005084.jpg,2
test_2022_eece454_005085.jpg,3
test_2022_eece454_005086.jpg,9
test_2022_eece454_005087.jpg,8
test_2022_eece454_005088.jpg,13
test_2022_eece454_005089.jpg,11
test_2022_eece454_005090.jpg,11
test_2022_eece454_005091.jpg,2
test_2022_eece454_005092.jpg,6
test_2022_eece454_005093.jpg,2
test_2022_eece454_005094.jpg,7
test_2022_eece454_005095.jpg,4
test_2022_eece454_005096.jpg,5
test_2022_eece454_005097.jpg,1
test_2022_eece454_005098.jpg,5
test_2022_eece454_005099.jpg,7
test_2022_eece454_005100.jpg,12
test_2022_eece454_005101.jpg,0
test_2022_eece454_005102.jpg,1
test_2022_eece454_005103.jpg,9
test_2022_eece454_005104.jpg,2
test_2022_eece454_005105.jpg,5
test_2022_eece454_005106.jpg,14
test_2022_eece454_005107.jpg,12
test_2022_eece454_005108.jpg,8
test_2022_eece454_005109.jpg,2
test_2022_eece454_005110.jpg,5
test_2022_eece454_005111.jpg,14
test_2022_eece454_005112.jpg,6
test_2022_eece454_005113.jpg,4
test_2022_eece454_005114.jpg,6
test_2022_eece454_005115.jpg,6
test_2022_eece454_005116.jpg,4
test_2022_eece454_005117.jpg,12
test_2022_eece454_005118.jpg,3
test_2022_eece454_005119.jpg,12
test_2022_eece454_005120.jpg,5
test_2022_eece454_005121.jpg,1
test_2022_eece454_005122.jpg,10
test_2022_eece454_005123.jpg,13
test_2022_eece454_005124.jpg,3
test_2022_eece454_005125.jpg,13
test_2022_eece454_005126.jpg,5
test_2022_eece454_005127.jpg,14
test_2022_eece454_005128.jpg,13
test_2022_eece454_005129.jpg,6
test_2022_eece454_005130.jpg,1
test_2022_eece454_005131.jpg,0
test_2022_eece454_005132.jpg,13
test_2022_eece454_005133.jpg,13
test_2022_eece454_005134.jpg,2
test_2022_eece454_005135.jpg,9
test_2022_eece454_005136.jpg,3
test_2022_eece454_005137.jpg,4
test_2022_eece454_005138.jpg,0
test_2022_eece454_005139.jpg,14
test_2022_eece454_005140.jpg,3
test_2022_eece454_005141.jpg,4
test_2022_eece454_005142.jpg,4
test_2022_eece454_005143.jpg,5
test_2022_eece454_005144.jpg,4
test_2022_eece454_005145.jpg,6
test_2022_eece454_005146.jpg,9
test_2022_eece454_005147.jpg,7
test_2022_eece454_005148.jpg,12
test_2022_eece454_005149.jpg,4
test_2022_eece454_005150.jpg,7
test_2022_eece454_005151.jpg,14
test_2022_eece454_005152.jpg,13
test_2022_eece454_005153.jpg,4
test_2022_eece454_005154.jpg,6
test_2022_eece454_005155.jpg,14
test_2022_eece454_005156.jpg,14
test_2022_eece454_005157.jpg,14
test_2022_eece454_005158.jpg,11
test_2022_eece454_005159.jpg,4
test_2022_eece454_005160.jpg,10
test_2022_eece454_005161.jpg,3
test_2022_eece454_005162.jpg,5
test_2022_eece454_005163.jpg,4
test_2022_eece454_005164.jpg,6
test_2022_eece454_005165.jpg,5
test_2022_eece454_005166.jpg,7
test_2022_eece454_005167.jpg,9
test_2022_eece454_005168.jpg,5
test_2022_eece454_005169.jpg,12
test_2022_eece454_005170.jpg,14
test_2022_eece454_005171.jpg,1
test_2022_eece454_005172.jpg,4
test_2022_eece454_005173.jpg,1
test_2022_eece454_005174.jpg,0
test_2022_eece454_005175.jpg,1
test_2022_eece454_005176.jpg,2
test_2022_eece454_005177.jpg,0
test_2022_eece454_005178.jpg,5
test_2022_eece454_005179.jpg,1
test_2022_eece454_005180.jpg,14
test_2022_eece454_005181.jpg,6
test_2022_eece454_005182.jpg,13
test_2022_eece454_005183.jpg,4
test_2022_eece454_005184.jpg,1
test_2022_eece454_005185.jpg,8
test_2022_eece454_005186.jpg,5
test_2022_eece454_005187.jpg,12
test_2022_eece454_005188.jpg,5
test_2022_eece454_005189.jpg,3
test_2022_eece454_005190.jpg,10
test_2022_eece454_005191.jpg,13
test_2022_eece454_005192.jpg,3
test_2022_eece454_005193.jpg,9
test_2022_eece454_005194.jpg,2
test_2022_eece454_005195.jpg,8
test_2022_eece454_005196.jpg,14
test_2022_eece454_005197.jpg,4
test_2022_eece454_005198.jpg,13
test_2022_eece454_005199.jpg,10
test_2022_eece454_005200.jpg,6
test_2022_eece454_005201.jpg,4
test_2022_eece454_005202.jpg,12
test_2022_eece454_005203.jpg,4
test_2022_eece454_005204.jpg,11
test_2022_eece454_005205.jpg,10
test_2022_eece454_005206.jpg,10
test_2022_eece454_005207.jpg,4
test_2022_eece454_005208.jpg,3
test_2022_eece454_005209.jpg,3
test_2022_eece454_005210.jpg,8
test_2022_eece454_005211.jpg,7
test_2022_eece454_005212.jpg,14
test_2022_eece454_005213.jpg,7
test_2022_eece454_005214.jpg,10
test_2022_eece454_005215.jpg,4
test_2022_eece454_005216.jpg,4
test_2022_eece454_005217.jpg,0
test_2022_eece454_005218.jpg,0
test_2022_eece454_005219.jpg,14
test_2022_eece454_005220.jpg,13
test_2022_eece454_005221.jpg,6
test_2022_eece454_005222.jpg,13
test_2022_eece454_005223.jpg,10
test_2022_eece454_005224.jpg,4
test_2022_eece454_005225.jpg,1
test_2022_eece454_005226.jpg,2
test_2022_eece454_005227.jpg,11
test_2022_eece454_005228.jpg,7
test_2022_eece454_005229.jpg,9
test_2022_eece454_005230.jpg,4
test_2022_eece454_005231.jpg,9
test_2022_eece454_005232.jpg,14
test_2022_eece454_005233.jpg,11
test_2022_eece454_005234.jpg,2
test_2022_eece454_005235.jpg,12
test_2022_eece454_005236.jpg,4
test_2022_eece454_005237.jpg,11
test_2022_eece454_005238.jpg,5
test_2022_eece454_005239.jpg,14
test_2022_eece454_005240.jpg,11
test_2022_eece454_005241.jpg,3
test_2022_eece454_005242.jpg,2
test_2022_eece454_005243.jpg,11
test_2022_eece454_005244.jpg,9
test_2022_eece454_005245.jpg,4
test_2022_eece454_005246.jpg,0
test_2022_eece454_005247.jpg,8
test_2022_eece454_005248.jpg,11
test_2022_eece454_005249.jpg,6
test_2022_eece454_005250.jpg,9
test_2022_eece454_005251.jpg,10
test_2022_eece454_005252.jpg,12
test_2022_eece454_005253.jpg,7
test_2022_eece454_005254.jpg,12
test_2022_eece454_005255.jpg,14
test_2022_eece454_005256.jpg,11
test_2022_eece454_005257.jpg,11
test_2022_eece454_005258.jpg,8
test_2022_eece454_005259.jpg,14
test_2022_eece454_005260.jpg,0
test_2022_eece454_005261.jpg,11
test_2022_eece454_005262.jpg,0
test_2022_eece454_005263.jpg,12
test_2022_eece454_005264.jpg,2
test_2022_eece454_005265.jpg,5
test_2022_eece454_005266.jpg,6
test_2022_eece454_005267.jpg,7
test_2022_eece454_005268.jpg,13
test_2022_eece454_005269.jpg,11
test_2022_eece454_005270.jpg,1
test_2022_eece454_005271.jpg,10
test_2022_eece454_005272.jpg,5
test_2022_eece454_005273.jpg,7
test_2022_eece454_005274.jpg,1
test_2022_eece454_005275.jpg,12
test_2022_eece454_005276.jpg,9
test_2022_eece454_005277.jpg,14
test_2022_eece454_005278.jpg,3
test_2022_eece454_005279.jpg,1
test_2022_eece454_005280.jpg,3
test_2022_eece454_005281.jpg,0
test_2022_eece454_005282.jpg,1
test_2022_eece454_005283.jpg,8
test_2022_eece454_005284.jpg,1
test_2022_eece454_005285.jpg,3
test_2022_eece454_005286.jpg,0
test_2022_eece454_005287.jpg,8
test_2022_eece454_005288.jpg,11
test_2022_eece454_005289.jpg,4
test_2022_eece454_005290.jpg,14
test_2022_eece454_005291.jpg,7
test_2022_eece454_005292.jpg,0
test_2022_eece454_005293.jpg,5
test_2022_eece454_005294.jpg,13
test_2022_eece454_005295.jpg,0
test_2022_eece454_005296.jpg,12
test_2022_eece454_005297.jpg,1
test_2022_eece454_005298.jpg,8
test_2022_eece454_005299.jpg,10
test_2022_eece454_005300.jpg,2
test_2022_eece454_005301.jpg,9
test_2022_eece454_005302.jpg,2
test_2022_eece454_005303.jpg,2
test_2022_eece454_005304.jpg,3
test_2022_eece454_005305.jpg,14
test_2022_eece454_005306.jpg,3
test_2022_eece454_005307.jpg,4
test_2022_eece454_005308.jpg,1
test_2022_eece454_005309.jpg,2
test_2022_eece454_005310.jpg,1
test_2022_eece454_005311.jpg,3
test_2022_eece454_005312.jpg,4
test_2022_eece454_005313.jpg,9
test_2022_eece454_005314.jpg,13
test_2022_eece454_005315.jpg,3
test_2022_eece454_005316.jpg,8
test_2022_eece454_005317.jpg,14
test_2022_eece454_005318.jpg,7
test_2022_eece454_005319.jpg,14
test_2022_eece454_005320.jpg,9
test_2022_eece454_005321.jpg,14
test_2022_eece454_005322.jpg,4
test_2022_eece454_005323.jpg,0
test_2022_eece454_005324.jpg,13
test_2022_eece454_005325.jpg,14
test_2022_eece454_005326.jpg,7
test_2022_eece454_005327.jpg,6
test_2022_eece454_005328.jpg,8
test_2022_eece454_005329.jpg,2
test_2022_eece454_005330.jpg,10
test_2022_eece454_005331.jpg,7
test_2022_eece454_005332.jpg,14
test_2022_eece454_005333.jpg,10
test_2022_eece454_005334.jpg,14
test_2022_eece454_005335.jpg,1
test_2022_eece454_005336.jpg,12
test_2022_eece454_005337.jpg,9
test_2022_eece454_005338.jpg,13
test_2022_eece454_005339.jpg,13
test_2022_eece454_005340.jpg,2
test_2022_eece454_005341.jpg,12
test_2022_eece454_005342.jpg,8
test_2022_eece454_005343.jpg,9
test_2022_eece454_005344.jpg,1
test_2022_eece454_005345.jpg,14
test_2022_eece454_005346.jpg,13
test_2022_eece454_005347.jpg,7
test_2022_eece454_005348.jpg,11
test_2022_eece454_005349.jpg,7
test_2022_eece454_005350.jpg,4
test_2022_eece454_005351.jpg,11
test_2022_eece454_005352.jpg,8
test_2022_eece454_005353.jpg,0
test_2022_eece454_005354.jpg,10
test_2022_eece454_005355.jpg,0
test_2022_eece454_005356.jpg,1
test_2022_eece454_005357.jpg,6
test_2022_eece454_005358.jpg,5
test_2022_eece454_005359.jpg,6
test_2022_eece454_005360.jpg,7
test_2022_eece454_005361.jpg,4
test_2022_eece454_005362.jpg,1
test_2022_eece454_005363.jpg,7
test_2022_eece454_005364.jpg,13
test_2022_eece454_005365.jpg,14
test_2022_eece454_005366.jpg,12
test_2022_eece454_005367.jpg,7
test_2022_eece454_005368.jpg,4
test_2022_eece454_005369.jpg,5
test_2022_eece454_005370.jpg,10
test_2022_eece454_005371.jpg,2
test_2022_eece454_005372.jpg,9
test_2022_eece454_005373.jpg,9
test_2022_eece454_005374.jpg,14
test_2022_eece454_005375.jpg,12
test_2022_eece454_005376.jpg,8
test_2022_eece454_005377.jpg,12
test_2022_eece454_005378.jpg,11
test_2022_eece454_005379.jpg,11
test_2022_eece454_005380.jpg,5
test_2022_eece454_005381.jpg,11
test_2022_eece454_005382.jpg,3
test_2022_eece454_005383.jpg,0
test_2022_eece454_005384.jpg,12
test_2022_eece454_005385.jpg,1
test_2022_eece454_005386.jpg,2
test_2022_eece454_005387.jpg,13
test_2022_eece454_005388.jpg,14
test_2022_eece454_005389.jpg,14
test_2022_eece454_005390.jpg,11
test_2022_eece454_005391.jpg,14
test_2022_eece454_005392.jpg,7
test_2022_eece454_005393.jpg,9
test_2022_eece454_005394.jpg,8
test_2022_eece454_005395.jpg,11
test_2022_eece454_005396.jpg,6
test_2022_eece454_005397.jpg,1
test_2022_eece454_005398.jpg,8
test_2022_eece454_005399.jpg,4
test_2022_eece454_005400.jpg,14
test_2022_eece454_005401.jpg,5
test_2022_eece454_005402.jpg,8
test_2022_eece454_005403.jpg,13
test_2022_eece454_005404.jpg,7
test_2022_eece454_005405.jpg,14
test_2022_eece454_005406.jpg,3
test_2022_eece454_005407.jpg,1
test_2022_eece454_005408.jpg,8
test_2022_eece454_005409.jpg,10
test_2022_eece454_005410.jpg,6
test_2022_eece454_005411.jpg,6
test_2022_eece454_005412.jpg,6
test_2022_eece454_005413.jpg,3
test_2022_eece454_005414.jpg,6
test_2022_eece454_005415.jpg,5
test_2022_eece454_005416.jpg,2
test_2022_eece454_005417.jpg,14
test_2022_eece454_005418.jpg,13
test_2022_eece454_005419.jpg,12
test_2022_eece454_005420.jpg,0
test_2022_eece454_005421.jpg,5
test_2022_eece454_005422.jpg,11
test_2022_eece454_005423.jpg,12
test_2022_eece454_005424.jpg,13
test_2022_eece454_005425.jpg,7
test_2022_eece454_005426.jpg,7
test_2022_eece454_005427.jpg,11
test_2022_eece454_005428.jpg,9
test_2022_eece454_005429.jpg,8
test_2022_eece454_005430.jpg,14
test_2022_eece454_005431.jpg,1
test_2022_eece454_005432.jpg,9
test_2022_eece454_005433.jpg,12
test_2022_eece454_005434.jpg,10
test_2022_eece454_005435.jpg,10
test_2022_eece454_005436.jpg,4
test_2022_eece454_005437.jpg,1
test_2022_eece454_005438.jpg,5
test_2022_eece454_005439.jpg,2
test_2022_eece454_005440.jpg,3
test_2022_eece454_005441.jpg,9
test_2022_eece454_005442.jpg,6
test_2022_eece454_005443.jpg,9
test_2022_eece454_005444.jpg,0
test_2022_eece454_005445.jpg,7
test_2022_eece454_005446.jpg,2
test_2022_eece454_005447.jpg,3
test_2022_eece454_005448.jpg,11
test_2022_eece454_005449.jpg,9
test_2022_eece454_005450.jpg,4
test_2022_eece454_005451.jpg,13
test_2022_eece454_005452.jpg,11
test_2022_eece454_005453.jpg,2
test_2022_eece454_005454.jpg,10
test_2022_eece454_005455.jpg,10
test_2022_eece454_005456.jpg,11
test_2022_eece454_005457.jpg,7
test_2022_eece454_005458.jpg,3
test_2022_eece454_005459.jpg,8
test_2022_eece454_005460.jpg,1
test_2022_eece454_005461.jpg,5
test_2022_eece454_005462.jpg,4
test_2022_eece454_005463.jpg,5
test_2022_eece454_005464.jpg,13
test_2022_eece454_005465.jpg,9
test_2022_eece454_005466.jpg,7
test_2022_eece454_005467.jpg,4
test_2022_eece454_005468.jpg,0
test_2022_eece454_005469.jpg,14
test_2022_eece454_005470.jpg,13
test_2022_eece454_005471.jpg,13
test_2022_eece454_005472.jpg,3
test_2022_eece454_005473.jpg,4
test_2022_eece454_005474.jpg,8
test_2022_eece454_005475.jpg,11
test_2022_eece454_005476.jpg,8
test_2022_eece454_005477.jpg,7
test_2022_eece454_005478.jpg,1
test_2022_eece454_005479.jpg,12
test_2022_eece454_005480.jpg,11
test_2022_eece454_005481.jpg,5
test_2022_eece454_005482.jpg,9
test_2022_eece454_005483.jpg,6
test_2022_eece454_005484.jpg,3
test_2022_eece454_005485.jpg,14
test_2022_eece454_005486.jpg,0
test_2022_eece454_005487.jpg,3
test_2022_eece454_005488.jpg,11
test_2022_eece454_005489.jpg,3
test_2022_eece454_005490.jpg,9
test_2022_eece454_005491.jpg,1
test_2022_eece454_005492.jpg,14
test_2022_eece454_005493.jpg,1
test_2022_eece454_005494.jpg,5
test_2022_eece454_005495.jpg,7
test_2022_eece454_005496.jpg,2
test_2022_eece454_005497.jpg,6
test_2022_eece454_005498.jpg,5
test_2022_eece454_005499.jpg,14
test_2022_eece454_005500.jpg,13
test_2022_eece454_005501.jpg,1
test_2022_eece454_005502.jpg,7
test_2022_eece454_005503.jpg,14
test_2022_eece454_005504.jpg,7
test_2022_eece454_005505.jpg,12
test_2022_eece454_005506.jpg,8
test_2022_eece454_005507.jpg,8
test_2022_eece454_005508.jpg,6
test_2022_eece454_005509.jpg,11
test_2022_eece454_005510.jpg,10
test_2022_eece454_005511.jpg,13
test_2022_eece454_005512.jpg,11
test_2022_eece454_005513.jpg,0
test_2022_eece454_005514.jpg,2
test_2022_eece454_005515.jpg,4
test_2022_eece454_005516.jpg,3
test_2022_eece454_005517.jpg,14
test_2022_eece454_005518.jpg,7
test_2022_eece454_005519.jpg,12
test_2022_eece454_005520.jpg,6
test_2022_eece454_005521.jpg,3
test_2022_eece454_005522.jpg,10
test_2022_eece454_005523.jpg,2
test_2022_eece454_005524.jpg,0
test_2022_eece454_005525.jpg,2
test_2022_eece454_005526.jpg,8
test_2022_eece454_005527.jpg,2
test_2022_eece454_005528.jpg,3
test_2022_eece454_005529.jpg,5
test_2022_eece454_005530.jpg,2
test_2022_eece454_005531.jpg,7
test_2022_eece454_005532.jpg,9
test_2022_eece454_005533.jpg,2
test_2022_eece454_005534.jpg,1
test_2022_eece454_005535.jpg,6
test_2022_eece454_005536.jpg,5
test_2022_eece454_005537.jpg,1
test_2022_eece454_005538.jpg,8
test_2022_eece454_005539.jpg,14
test_2022_eece454_005540.jpg,14
test_2022_eece454_005541.jpg,11
test_2022_eece454_005542.jpg,3
test_2022_eece454_005543.jpg,1
test_2022_eece454_005544.jpg,11
test_2022_eece454_005545.jpg,8
test_2022_eece454_005546.jpg,0
test_2022_eece454_005547.jpg,7
test_2022_eece454_005548.jpg,10
test_2022_eece454_005549.jpg,14
test_2022_eece454_005550.jpg,10
test_2022_eece454_005551.jpg,13
test_2022_eece454_005552.jpg,7
test_2022_eece454_005553.jpg,14
test_2022_eece454_005554.jpg,10
test_2022_eece454_005555.jpg,1
test_2022_eece454_005556.jpg,12
test_2022_eece454_005557.jpg,1
test_2022_eece454_005558.jpg,12
test_2022_eece454_005559.jpg,3
test_2022_eece454_005560.jpg,7
test_2022_eece454_005561.jpg,11
test_2022_eece454_005562.jpg,5
test_2022_eece454_005563.jpg,7
test_2022_eece454_005564.jpg,3
test_2022_eece454_005565.jpg,10
test_2022_eece454_005566.jpg,4
test_2022_eece454_005567.jpg,1
test_2022_eece454_005568.jpg,11
test_2022_eece454_005569.jpg,7
test_2022_eece454_005570.jpg,13
test_2022_eece454_005571.jpg,3
test_2022_eece454_005572.jpg,9
test_2022_eece454_005573.jpg,12
test_2022_eece454_005574.jpg,8
test_2022_eece454_005575.jpg,4
test_2022_eece454_005576.jpg,7
test_2022_eece454_005577.jpg,0
test_2022_eece454_005578.jpg,4
test_2022_eece454_005579.jpg,1
test_2022_eece454_005580.jpg,2
test_2022_eece454_005581.jpg,4
test_2022_eece454_005582.jpg,1
test_2022_eece454_005583.jpg,7
test_2022_eece454_005584.jpg,4
test_2022_eece454_005585.jpg,8
test_2022_eece454_005586.jpg,3
test_2022_eece454_005587.jpg,9
test_2022_eece454_005588.jpg,9
test_2022_eece454_005589.jpg,8
test_2022_eece454_005590.jpg,14
test_2022_eece454_005591.jpg,9
test_2022_eece454_005592.jpg,8
test_2022_eece454_005593.jpg,12
test_2022_eece454_005594.jpg,14
test_2022_eece454_005595.jpg,14
test_2022_eece454_005596.jpg,11
test_2022_eece454_005597.jpg,9
test_2022_eece454_005598.jpg,14
test_2022_eece454_005599.jpg,12
test_2022_eece454_005600.jpg,2
test_2022_eece454_005601.jpg,2
test_2022_eece454_005602.jpg,14
test_2022_eece454_005603.jpg,7
test_2022_eece454_005604.jpg,8
test_2022_eece454_005605.jpg,9
test_2022_eece454_005606.jpg,12
test_2022_eece454_005607.jpg,3
test_2022_eece454_005608.jpg,10
test_2022_eece454_005609.jpg,2
test_2022_eece454_005610.jpg,13
test_2022_eece454_005611.jpg,6
test_2022_eece454_005612.jpg,9
test_2022_eece454_005613.jpg,13
test_2022_eece454_005614.jpg,9
test_2022_eece454_005615.jpg,13
test_2022_eece454_005616.jpg,0
test_2022_eece454_005617.jpg,8
test_2022_eece454_005618.jpg,7
test_2022_eece454_005619.jpg,9
test_2022_eece454_005620.jpg,6
test_2022_eece454_005621.jpg,3
test_2022_eece454_005622.jpg,0
test_2022_eece454_005623.jpg,4
test_2022_eece454_005624.jpg,3
test_2022_eece454_005625.jpg,3
test_2022_eece454_005626.jpg,2
test_2022_eece454_005627.jpg,1
test_2022_eece454_005628.jpg,4
test_2022_eece454_005629.jpg,8
test_2022_eece454_005630.jpg,7
test_2022_eece454_005631.jpg,13
test_2022_eece454_005632.jpg,12
test_2022_eece454_005633.jpg,6
test_2022_eece454_005634.jpg,14
test_2022_eece454_005635.jpg,4
test_2022_eece454_005636.jpg,14
test_2022_eece454_005637.jpg,5
test_2022_eece454_005638.jpg,10
test_2022_eece454_005639.jpg,10
test_2022_eece454_005640.jpg,7
test_2022_eece454_005641.jpg,0
test_2022_eece454_005642.jpg,13
test_2022_eece454_005643.jpg,0
test_2022_eece454_005644.jpg,11
test_2022_eece454_005645.jpg,11
test_2022_eece454_005646.jpg,7
test_2022_eece454_005647.jpg,2
test_2022_eece454_005648.jpg,6
test_2022_eece454_005649.jpg,3
test_2022_eece454_005650.jpg,5
test_2022_eece454_005651.jpg,7
test_2022_eece454_005652.jpg,9
test_2022_eece454_005653.jpg,8
test_2022_eece454_005654.jpg,11
test_2022_eece454_005655.jpg,6
test_2022_eece454_005656.jpg,13
test_2022_eece454_005657.jpg,3
test_2022_eece454_005658.jpg,13
test_2022_eece454_005659.jpg,8
test_2022_eece454_005660.jpg,3
test_2022_eece454_005661.jpg,14
test_2022_eece454_005662.jpg,1
test_2022_eece454_005663.jpg,5
test_2022_eece454_005664.jpg,5
test_2022_eece454_005665.jpg,3
test_2022_eece454_005666.jpg,10
test_2022_eece454_005667.jpg,12
test_2022_eece454_005668.jpg,3
test_2022_eece454_005669.jpg,14
test_2022_eece454_005670.jpg,11
test_2022_eece454_005671.jpg,1
test_2022_eece454_005672.jpg,11
test_2022_eece454_005673.jpg,2
test_2022_eece454_005674.jpg,5
test_2022_eece454_005675.jpg,3
test_2022_eece454_005676.jpg,7
test_2022_eece454_005677.jpg,9
test_2022_eece454_005678.jpg,14
test_2022_eece454_005679.jpg,14
test_2022_eece454_005680.jpg,9
test_2022_eece454_005681.jpg,10
test_2022_eece454_005682.jpg,4
test_2022_eece454_005683.jpg,10
test_2022_eece454_005684.jpg,5
test_2022_eece454_005685.jpg,2
test_2022_eece454_005686.jpg,5
test_2022_eece454_005687.jpg,2
test_2022_eece454_005688.jpg,5
test_2022_eece454_005689.jpg,13
test_2022_eece454_005690.jpg,3
test_2022_eece454_005691.jpg,1
test_2022_eece454_005692.jpg,5
test_2022_eece454_005693.jpg,5
test_2022_eece454_005694.jpg,11
test_2022_eece454_005695.jpg,10
test_2022_eece454_005696.jpg,6
test_2022_eece454_005697.jpg,4
test_2022_eece454_005698.jpg,14
test_2022_eece454_005699.jpg,2
test_2022_eece454_005700.jpg,3
test_2022_eece454_005701.jpg,10
test_2022_eece454_005702.jpg,4
test_2022_eece454_005703.jpg,1
test_2022_eece454_005704.jpg,4
test_2022_eece454_005705.jpg,13
test_2022_eece454_005706.jpg,8
test_2022_eece454_005707.jpg,13
test_2022_eece454_005708.jpg,12
test_2022_eece454_005709.jpg,5
test_2022_eece454_005710.jpg,12
test_2022_eece454_005711.jpg,1
test_2022_eece454_005712.jpg,1
test_2022_eece454_005713.jpg,6
test_2022_eece454_005714.jpg,13
test_2022_eece454_005715.jpg,10
test_2022_eece454_005716.jpg,8
test_2022_eece454_005717.jpg,14
test_2022_eece454_005718.jpg,11
test_2022_eece454_005719.jpg,7
test_2022_eece454_005720.jpg,9
test_2022_eece454_005721.jpg,8
test_2022_eece454_005722.jpg,9
test_2022_eece454_005723.jpg,9
test_2022_eece454_005724.jpg,9
test_2022_eece454_005725.jpg,5
test_2022_eece454_005726.jpg,8
test_2022_eece454_005727.jpg,3
test_2022_eece454_005728.jpg,7
test_2022_eece454_005729.jpg,4
test_2022_eece454_005730.jpg,14
test_2022_eece454_005731.jpg,4
test_2022_eece454_005732.jpg,6
test_2022_eece454_005733.jpg,8
test_2022_eece454_005734.jpg,2
test_2022_eece454_005735.jpg,8
test_2022_eece454_005736.jpg,2
test_2022_eece454_005737.jpg,1
test_2022_eece454_005738.jpg,9
test_2022_eece454_005739.jpg,1
test_2022_eece454_005740.jpg,0
test_2022_eece454_005741.jpg,6
test_2022_eece454_005742.jpg,11
test_2022_eece454_005743.jpg,4
test_2022_eece454_005744.jpg,13
test_2022_eece454_005745.jpg,12
test_2022_eece454_005746.jpg,11
test_2022_eece454_005747.jpg,5
test_2022_eece454_005748.jpg,5
test_2022_eece454_005749.jpg,5
test_2022_eece454_005750.jpg,14
test_2022_eece454_005751.jpg,10
test_2022_eece454_005752.jpg,13
test_2022_eece454_005753.jpg,4
test_2022_eece454_005754.jpg,3
test_2022_eece454_005755.jpg,1
test_2022_eece454_005756.jpg,12
test_2022_eece454_005757.jpg,3
test_2022_eece454_005758.jpg,3
test_2022_eece454_005759.jpg,8
test_2022_eece454_005760.jpg,3
test_2022_eece454_005761.jpg,0
test_2022_eece454_005762.jpg,6
test_2022_eece454_005763.jpg,12
test_2022_eece454_005764.jpg,7
test_2022_eece454_005765.jpg,0
test_2022_eece454_005766.jpg,4
test_2022_eece454_005767.jpg,12
test_2022_eece454_005768.jpg,3
test_2022_eece454_005769.jpg,14
test_2022_eece454_005770.jpg,0
test_2022_eece454_005771.jpg,12
test_2022_eece454_005772.jpg,10
test_2022_eece454_005773.jpg,9
test_2022_eece454_005774.jpg,4
test_2022_eece454_005775.jpg,6
test_2022_eece454_005776.jpg,8
test_2022_eece454_005777.jpg,11
test_2022_eece454_005778.jpg,5
test_2022_eece454_005779.jpg,0
test_2022_eece454_005780.jpg,7
test_2022_eece454_005781.jpg,6
test_2022_eece454_005782.jpg,1
test_2022_eece454_005783.jpg,4
test_2022_eece454_005784.jpg,5
test_2022_eece454_005785.jpg,14
test_2022_eece454_005786.jpg,1
test_2022_eece454_005787.jpg,1
test_2022_eece454_005788.jpg,4
test_2022_eece454_005789.jpg,12
test_2022_eece454_005790.jpg,14
test_2022_eece454_005791.jpg,12
test_2022_eece454_005792.jpg,12
test_2022_eece454_005793.jpg,6
test_2022_eece454_005794.jpg,11
test_2022_eece454_005795.jpg,9
test_2022_eece454_005796.jpg,3
test_2022_eece454_005797.jpg,13
test_2022_eece454_005798.jpg,11
test_2022_eece454_005799.jpg,8
test_2022_eece454_005800.jpg,5
test_2022_eece454_005801.jpg,7
test_2022_eece454_005802.jpg,7
test_2022_eece454_005803.jpg,14
test_2022_eece454_005804.jpg,5
test_2022_eece454_005805.jpg,14
test_2022_eece454_005806.jpg,6
test_2022_eece454_005807.jpg,11
test_2022_eece454_005808.jpg,9
test_2022_eece454_005809.jpg,9
test_2022_eece454_005810.jpg,8
test_2022_eece454_005811.jpg,9
test_2022_eece454_005812.jpg,1
test_2022_eece454_005813.jpg,4
test_2022_eece454_005814.jpg,1
test_2022_eece454_005815.jpg,2
test_2022_eece454_005816.jpg,2
test_2022_eece454_005817.jpg,0
test_2022_eece454_005818.jpg,8
test_2022_eece454_005819.jpg,1
test_2022_eece454_005820.jpg,9
test_2022_eece454_005821.jpg,1
test_2022_eece454_005822.jpg,0
test_2022_eece454_005823.jpg,7
test_2022_eece454_005824.jpg,5
test_2022_eece454_005825.jpg,1
test_2022_eece454_005826.jpg,9
test_2022_eece454_005827.jpg,1
test_2022_eece454_005828.jpg,12
test_2022_eece454_005829.jpg,5
test_2022_eece454_005830.jpg,11
test_2022_eece454_005831.jpg,2
test_2022_eece454_005832.jpg,12
test_2022_eece454_005833.jpg,2
test_2022_eece454_005834.jpg,10
test_2022_eece454_005835.jpg,9
test_2022_eece454_005836.jpg,11
test_2022_eece454_005837.jpg,7
test_2022_eece454_005838.jpg,6
test_2022_eece454_005839.jpg,5
test_2022_eece454_005840.jpg,8
test_2022_eece454_005841.jpg,1
test_2022_eece454_005842.jpg,10
test_2022_eece454_005843.jpg,9
test_2022_eece454_005844.jpg,11
test_2022_eece454_005845.jpg,7
test_2022_eece454_005846.jpg,3
test_2022_eece454_005847.jpg,6
test_2022_eece454_005848.jpg,13
test_2022_eece454_005849.jpg,11
test_2022_eece454_005850.jpg,3
test_2022_eece454_005851.jpg,11
test_2022_eece454_005852.jpg,14
test_2022_eece454_005853.jpg,10
test_2022_eece454_005854.jpg,5
test_2022_eece454_005855.jpg,6
test_2022_eece454_005856.jpg,4
test_2022_eece454_005857.jpg,1
test_2022_eece454_005858.jpg,12
test_2022_eece454_005859.jpg,5
test_2022_eece454_005860.jpg,4
test_2022_eece454_005861.jpg,0
test_2022_eece454_005862.jpg,11
test_2022_eece454_005863.jpg,1
test_2022_eece454_005864.jpg,1
test_2022_eece454_005865.jpg,5
test_2022_eece454_005866.jpg,13
test_2022_eece454_005867.jpg,12
test_2022_eece454_005868.jpg,4
test_2022_eece454_005869.jpg,12
test_2022_eece454_005870.jpg,5
test_2022_eece454_005871.jpg,8
test_2022_eece454_005872.jpg,8
test_2022_eece454_005873.jpg,10
test_2022_eece454_005874.jpg,7
test_2022_eece454_005875.jpg,2
test_2022_eece454_005876.jpg,0
test_2022_eece454_005877.jpg,0
test_2022_eece454_005878.jpg,8
test_2022_eece454_005879.jpg,11
test_2022_eece454_005880.jpg,13
test_2022_eece454_005881.jpg,14
test_2022_eece454_005882.jpg,11
test_2022_eece454_005883.jpg,10
test_2022_eece454_005884.jpg,5
test_2022_eece454_005885.jpg,14
test_2022_eece454_005886.jpg,6
test_2022_eece454_005887.jpg,13
test_2022_eece454_005888.jpg,4
test_2022_eece454_005889.jpg,4
test_2022_eece454_005890.jpg,9
test_2022_eece454_005891.jpg,0
test_2022_eece454_005892.jpg,14
test_2022_eece454_005893.jpg,7
test_2022_eece454_005894.jpg,1
test_2022_eece454_005895.jpg,10
test_2022_eece454_005896.jpg,11
test_2022_eece454_005897.jpg,12
test_2022_eece454_005898.jpg,4
test_2022_eece454_005899.jpg,11
test_2022_eece454_005900.jpg,0
test_2022_eece454_005901.jpg,5
test_2022_eece454_005902.jpg,14
test_2022_eece454_005903.jpg,1
test_2022_eece454_005904.jpg,8
test_2022_eece454_005905.jpg,9
test_2022_eece454_005906.jpg,8
test_2022_eece454_005907.jpg,13
test_2022_eece454_005908.jpg,3
test_2022_eece454_005909.jpg,3
test_2022_eece454_005910.jpg,13
test_2022_eece454_005911.jpg,8
test_2022_eece454_005912.jpg,13
test_2022_eece454_005913.jpg,11
test_2022_eece454_005914.jpg,7
test_2022_eece454_005915.jpg,4
test_2022_eece454_005916.jpg,11
test_2022_eece454_005917.jpg,8
test_2022_eece454_005918.jpg,14
test_2022_eece454_005919.jpg,1
test_2022_eece454_005920.jpg,6
test_2022_eece454_005921.jpg,12
test_2022_eece454_005922.jpg,2
test_2022_eece454_005923.jpg,8
test_2022_eece454_005924.jpg,13
test_2022_eece454_005925.jpg,12
test_2022_eece454_005926.jpg,7
test_2022_eece454_005927.jpg,11
test_2022_eece454_005928.jpg,13
test_2022_eece454_005929.jpg,3
test_2022_eece454_005930.jpg,3
test_2022_eece454_005931.jpg,14
test_2022_eece454_005932.jpg,9
test_2022_eece454_005933.jpg,10
test_2022_eece454_005934.jpg,9
test_2022_eece454_005935.jpg,4
test_2022_eece454_005936.jpg,1
test_2022_eece454_005937.jpg,0
test_2022_eece454_005938.jpg,6
test_2022_eece454_005939.jpg,7
test_2022_eece454_005940.jpg,7
test_2022_eece454_005941.jpg,3
test_2022_eece454_005942.jpg,11
test_2022_eece454_005943.jpg,5
test_2022_eece454_005944.jpg,5
test_2022_eece454_005945.jpg,8
test_2022_eece454_005946.jpg,1
test_2022_eece454_005947.jpg,8
test_2022_eece454_005948.jpg,8
test_2022_eece454_005949.jpg,8
test_2022_eece454_005950.jpg,13
test_2022_eece454_005951.jpg,11
test_2022_eece454_005952.jpg,8
test_2022_eece454_005953.jpg,6
test_2022_eece454_005954.jpg,8
test_2022_eece454_005955.jpg,3
test_2022_eece454_005956.jpg,8
test_2022_eece454_005957.jpg,3
test_2022_eece454_005958.jpg,1
test_2022_eece454_005959.jpg,12
test_2022_eece454_005960.jpg,9
test_2022_eece454_005961.jpg,13
test_2022_eece454_005962.jpg,13
test_2022_eece454_005963.jpg,13
test_2022_eece454_005964.jpg,6
test_2022_eece454_005965.jpg,1
test_2022_eece454_005966.jpg,6
test_2022_eece454_005967.jpg,14
test_2022_eece454_005968.jpg,8
test_2022_eece454_005969.jpg,8
test_2022_eece454_005970.jpg,10
test_2022_eece454_005971.jpg,12
test_2022_eece454_005972.jpg,10
test_2022_eece454_005973.jpg,14
test_2022_eece454_005974.jpg,13
test_2022_eece454_005975.jpg,13
test_2022_eece454_005976.jpg,13
test_2022_eece454_005977.jpg,14
test_2022_eece454_005978.jpg,6
test_2022_eece454_005979.jpg,2
test_2022_eece454_005980.jpg,14
test_2022_eece454_005981.jpg,8
test_2022_eece454_005982.jpg,6
test_2022_eece454_005983.jpg,6
test_2022_eece454_005984.jpg,0
test_2022_eece454_005985.jpg,13
test_2022_eece454_005986.jpg,8
test_2022_eece454_005987.jpg,2
test_2022_eece454_005988.jpg,9
test_2022_eece454_005989.jpg,6
test_2022_eece454_005990.jpg,9
test_2022_eece454_005991.jpg,6
test_2022_eece454_005992.jpg,11
test_2022_eece454_005993.jpg,11
test_2022_eece454_005994.jpg,13
test_2022_eece454_005995.jpg,3
test_2022_eece454_005996.jpg,4
test_2022_eece454_005997.jpg,3
test_2022_eece454_005998.jpg,13
test_2022_eece454_005999.jpg,6
test_2022_eece454_006000.jpg,11
test_2022_eece454_006001.jpg,13
test_2022_eece454_006002.jpg,14
test_2022_eece454_006003.jpg,2
test_2022_eece454_006004.jpg,9
test_2022_eece454_006005.jpg,7
test_2022_eece454_006006.jpg,1
test_2022_eece454_006007.jpg,8
test_2022_eece454_006008.jpg,11
test_2022_eece454_006009.jpg,12
test_2022_eece454_006010.jpg,1
test_2022_eece454_006011.jpg,9
test_2022_eece454_006012.jpg,12
test_2022_eece454_006013.jpg,8
test_2022_eece454_006014.jpg,8
test_2022_eece454_006015.jpg,13
test_2022_eece454_006016.jpg,11
test_2022_eece454_006017.jpg,3
test_2022_eece454_006018.jpg,14
test_2022_eece454_006019.jpg,14
test_2022_eece454_006020.jpg,11
test_2022_eece454_006021.jpg,13
test_2022_eece454_006022.jpg,8
test_2022_eece454_006023.jpg,13
test_2022_eece454_006024.jpg,0
test_2022_eece454_006025.jpg,1
test_2022_eece454_006026.jpg,5
test_2022_eece454_006027.jpg,7
test_2022_eece454_006028.jpg,10
test_2022_eece454_006029.jpg,14
test_2022_eece454_006030.jpg,8
test_2022_eece454_006031.jpg,12
test_2022_eece454_006032.jpg,2
test_2022_eece454_006033.jpg,4
test_2022_eece454_006034.jpg,10
test_2022_eece454_006035.jpg,11
test_2022_eece454_006036.jpg,2
test_2022_eece454_006037.jpg,4
test_2022_eece454_006038.jpg,2
test_2022_eece454_006039.jpg,3
test_2022_eece454_006040.jpg,5
test_2022_eece454_006041.jpg,12
test_2022_eece454_006042.jpg,2
test_2022_eece454_006043.jpg,0
test_2022_eece454_006044.jpg,3
test_2022_eece454_006045.jpg,11
test_2022_eece454_006046.jpg,11
test_2022_eece454_006047.jpg,10
test_2022_eece454_006048.jpg,14
test_2022_eece454_006049.jpg,8
test_2022_eece454_006050.jpg,11
test_2022_eece454_006051.jpg,5
test_2022_eece454_006052.jpg,8
test_2022_eece454_006053.jpg,1
test_2022_eece454_006054.jpg,11
test_2022_eece454_006055.jpg,10
test_2022_eece454_006056.jpg,2
test_2022_eece454_006057.jpg,10
test_2022_eece454_006058.jpg,3
test_2022_eece454_006059.jpg,5
test_2022_eece454_006060.jpg,11
test_2022_eece454_006061.jpg,9
test_2022_eece454_006062.jpg,10
test_2022_eece454_006063.jpg,12
test_2022_eece454_006064.jpg,5
test_2022_eece454_006065.jpg,12
test_2022_eece454_006066.jpg,1
test_2022_eece454_006067.jpg,3
test_2022_eece454_006068.jpg,13
test_2022_eece454_006069.jpg,7
test_2022_eece454_006070.jpg,4
test_2022_eece454_006071.jpg,11
test_2022_eece454_006072.jpg,11
test_2022_eece454_006073.jpg,7
test_2022_eece454_006074.jpg,7
test_2022_eece454_006075.jpg,13
test_2022_eece454_006076.jpg,6
test_2022_eece454_006077.jpg,11
test_2022_eece454_006078.jpg,1
test_2022_eece454_006079.jpg,10
test_2022_eece454_006080.jpg,13
test_2022_eece454_006081.jpg,4
test_2022_eece454_006082.jpg,0
test_2022_eece454_006083.jpg,11
test_2022_eece454_006084.jpg,0
test_2022_eece454_006085.jpg,14
test_2022_eece454_006086.jpg,3
test_2022_eece454_006087.jpg,3
test_2022_eece454_006088.jpg,8
test_2022_eece454_006089.jpg,11
test_2022_eece454_006090.jpg,13
test_2022_eece454_006091.jpg,0
test_2022_eece454_006092.jpg,2
test_2022_eece454_006093.jpg,10
test_2022_eece454_006094.jpg,2
test_2022_eece454_006095.jpg,8
test_2022_eece454_006096.jpg,3
test_2022_eece454_006097.jpg,9
test_2022_eece454_006098.jpg,2
test_2022_eece454_006099.jpg,7
test_2022_eece454_006100.jpg,12
test_2022_eece454_006101.jpg,12
test_2022_eece454_006102.jpg,14
test_2022_eece454_006103.jpg,2
test_2022_eece454_006104.jpg,2
test_2022_eece454_006105.jpg,5
test_2022_eece454_006106.jpg,14
test_2022_eece454_006107.jpg,0
test_2022_eece454_006108.jpg,0
test_2022_eece454_006109.jpg,11
test_2022_eece454_006110.jpg,0
test_2022_eece454_006111.jpg,10
test_2022_eece454_006112.jpg,5
test_2022_eece454_006113.jpg,7
test_2022_eece454_006114.jpg,12
test_2022_eece454_006115.jpg,9
test_2022_eece454_006116.jpg,13
test_2022_eece454_006117.jpg,7
test_2022_eece454_006118.jpg,5
test_2022_eece454_006119.jpg,11
test_2022_eece454_006120.jpg,1
test_2022_eece454_006121.jpg,2
test_2022_eece454_006122.jpg,7
test_2022_eece454_006123.jpg,13
test_2022_eece454_006124.jpg,5
test_2022_eece454_006125.jpg,11
test_2022_eece454_006126.jpg,9
test_2022_eece454_006127.jpg,9
test_2022_eece454_006128.jpg,13
test_2022_eece454_006129.jpg,4
test_2022_eece454_006130.jpg,6
test_2022_eece454_006131.jpg,3
test_2022_eece454_006132.jpg,14
test_2022_eece454_006133.jpg,1
test_2022_eece454_006134.jpg,0
test_2022_eece454_006135.jpg,12
test_2022_eece454_006136.jpg,10
test_2022_eece454_006137.jpg,11
test_2022_eece454_006138.jpg,8
test_2022_eece454_006139.jpg,0
test_2022_eece454_006140.jpg,1
test_2022_eece454_006141.jpg,3
test_2022_eece454_006142.jpg,8
test_2022_eece454_006143.jpg,2
test_2022_eece454_006144.jpg,2
test_2022_eece454_006145.jpg,11
test_2022_eece454_006146.jpg,3
test_2022_eece454_006147.jpg,6
test_2022_eece454_006148.jpg,13
test_2022_eece454_006149.jpg,8
test_2022_eece454_006150.jpg,9
test_2022_eece454_006151.jpg,5
test_2022_eece454_006152.jpg,1
test_2022_eece454_006153.jpg,8
test_2022_eece454_006154.jpg,1
test_2022_eece454_006155.jpg,7
test_2022_eece454_006156.jpg,0
test_2022_eece454_006157.jpg,11
test_2022_eece454_006158.jpg,5
test_2022_eece454_006159.jpg,13
test_2022_eece454_006160.jpg,12
test_2022_eece454_006161.jpg,0
test_2022_eece454_006162.jpg,4
test_2022_eece454_006163.jpg,4
test_2022_eece454_006164.jpg,7
test_2022_eece454_006165.jpg,4
test_2022_eece454_006166.jpg,4
test_2022_eece454_006167.jpg,4
test_2022_eece454_006168.jpg,0
test_2022_eece454_006169.jpg,12
test_2022_eece454_006170.jpg,12
test_2022_eece454_006171.jpg,9
test_2022_eece454_006172.jpg,12
test_2022_eece454_006173.jpg,10
test_2022_eece454_006174.jpg,8
test_2022_eece454_006175.jpg,5
test_2022_eece454_006176.jpg,5
test_2022_eece454_006177.jpg,13
test_2022_eece454_006178.jpg,7
test_2022_eece454_006179.jpg,1
test_2022_eece454_006180.jpg,7
test_2022_eece454_006181.jpg,6
test_2022_eece454_006182.jpg,14
test_2022_eece454_006183.jpg,13
test_2022_eece454_006184.jpg,1
test_2022_eece454_006185.jpg,10
test_2022_eece454_006186.jpg,10
test_2022_eece454_006187.jpg,5
test_2022_eece454_006188.jpg,13
test_2022_eece454_006189.jpg,9
test_2022_eece454_006190.jpg,3
test_2022_eece454_006191.jpg,2
test_2022_eece454_006192.jpg,12
test_2022_eece454_006193.jpg,7
test_2022_eece454_006194.jpg,5
test_2022_eece454_006195.jpg,7
test_2022_eece454_006196.jpg,10
test_2022_eece454_006197.jpg,1
test_2022_eece454_006198.jpg,5
test_2022_eece454_006199.jpg,3
test_2022_eece454_006200.jpg,2
test_2022_eece454_006201.jpg,7
test_2022_eece454_006202.jpg,7
test_2022_eece454_006203.jpg,9
test_2022_eece454_006204.jpg,7
test_2022_eece454_006205.jpg,12
test_2022_eece454_006206.jpg,5
test_2022_eece454_006207.jpg,8
test_2022_eece454_006208.jpg,7
test_2022_eece454_006209.jpg,7
test_2022_eece454_006210.jpg,3
test_2022_eece454_006211.jpg,14
test_2022_eece454_006212.jpg,0
test_2022_eece454_006213.jpg,13
test_2022_eece454_006214.jpg,0
test_2022_eece454_006215.jpg,1
test_2022_eece454_006216.jpg,9
test_2022_eece454_006217.jpg,6
test_2022_eece454_006218.jpg,0
test_2022_eece454_006219.jpg,12
test_2022_eece454_006220.jpg,8
test_2022_eece454_006221.jpg,7
test_2022_eece454_006222.jpg,13
test_2022_eece454_006223.jpg,8
test_2022_eece454_006224.jpg,2
test_2022_eece454_006225.jpg,5
test_2022_eece454_006226.jpg,1
test_2022_eece454_006227.jpg,14
test_2022_eece454_006228.jpg,0
test_2022_eece454_006229.jpg,8
test_2022_eece454_006230.jpg,2
test_2022_eece454_006231.jpg,14
test_2022_eece454_006232.jpg,13
test_2022_eece454_006233.jpg,13
test_2022_eece454_006234.jpg,1
test_2022_eece454_006235.jpg,13
test_2022_eece454_006236.jpg,7
test_2022_eece454_006237.jpg,6
test_2022_eece454_006238.jpg,12
test_2022_eece454_006239.jpg,13
test_2022_eece454_006240.jpg,4
test_2022_eece454_006241.jpg,8
test_2022_eece454_006242.jpg,6
test_2022_eece454_006243.jpg,5
test_2022_eece454_006244.jpg,10
test_2022_eece454_006245.jpg,9
test_2022_eece454_006246.jpg,8
test_2022_eece454_006247.jpg,13
test_2022_eece454_006248.jpg,8
test_2022_eece454_006249.jpg,5
test_2022_eece454_006250.jpg,2
test_2022_eece454_006251.jpg,8
test_2022_eece454_006252.jpg,7
test_2022_eece454_006253.jpg,11
test_2022_eece454_006254.jpg,12
test_2022_eece454_006255.jpg,8
test_2022_eece454_006256.jpg,12
test_2022_eece454_006257.jpg,1
test_2022_eece454_006258.jpg,13
test_2022_eece454_006259.jpg,13
test_2022_eece454_006260.jpg,11
test_2022_eece454_006261.jpg,0
test_2022_eece454_006262.jpg,5
test_2022_eece454_006263.jpg,1
test_2022_eece454_006264.jpg,2
test_2022_eece454_006265.jpg,6
test_2022_eece454_006266.jpg,12
test_2022_eece454_006267.jpg,3
test_2022_eece454_006268.jpg,1
test_2022_eece454_006269.jpg,9
test_2022_eece454_006270.jpg,14
test_2022_eece454_006271.jpg,11
test_2022_eece454_006272.jpg,9
test_2022_eece454_006273.jpg,1
test_2022_eece454_006274.jpg,0
test_2022_eece454_006275.jpg,1
test_2022_eece454_006276.jpg,9
test_2022_eece454_006277.jpg,1
test_2022_eece454_006278.jpg,7
test_2022_eece454_006279.jpg,3
test_2022_eece454_006280.jpg,5
test_2022_eece454_006281.jpg,12
test_2022_eece454_006282.jpg,3
test_2022_eece454_006283.jpg,6
test_2022_eece454_006284.jpg,0
test_2022_eece454_006285.jpg,8
test_2022_eece454_006286.jpg,0
test_2022_eece454_006287.jpg,5
test_2022_eece454_006288.jpg,14
test_2022_eece454_006289.jpg,3
test_2022_eece454_006290.jpg,0
test_2022_eece454_006291.jpg,10
test_2022_eece454_006292.jpg,10
test_2022_eece454_006293.jpg,7
test_2022_eece454_006294.jpg,11
test_2022_eece454_006295.jpg,1
test_2022_eece454_006296.jpg,10
test_2022_eece454_006297.jpg,5
test_2022_eece454_006298.jpg,7
test_2022_eece454_006299.jpg,2
test_2022_eece454_006300.jpg,4
test_2022_eece454_006301.jpg,2
test_2022_eece454_006302.jpg,7
test_2022_eece454_006303.jpg,7
test_2022_eece454_006304.jpg,10
test_2022_eece454_006305.jpg,10
test_2022_eece454_006306.jpg,13
test_2022_eece454_006307.jpg,1
test_2022_eece454_006308.jpg,7
test_2022_eece454_006309.jpg,6
test_2022_eece454_006310.jpg,8
test_2022_eece454_006311.jpg,1
test_2022_eece454_006312.jpg,1
test_2022_eece454_006313.jpg,9
test_2022_eece454_006314.jpg,7
test_2022_eece454_006315.jpg,7
test_2022_eece454_006316.jpg,8
test_2022_eece454_006317.jpg,2
test_2022_eece454_006318.jpg,2
test_2022_eece454_006319.jpg,1
test_2022_eece454_006320.jpg,13
test_2022_eece454_006321.jpg,5
test_2022_eece454_006322.jpg,8
test_2022_eece454_006323.jpg,13
test_2022_eece454_006324.jpg,10
test_2022_eece454_006325.jpg,0
test_2022_eece454_006326.jpg,7
test_2022_eece454_006327.jpg,5
test_2022_eece454_006328.jpg,6
test_2022_eece454_006329.jpg,14
test_2022_eece454_006330.jpg,6
test_2022_eece454_006331.jpg,10
test_2022_eece454_006332.jpg,13
test_2022_eece454_006333.jpg,8
test_2022_eece454_006334.jpg,12
test_2022_eece454_006335.jpg,1
test_2022_eece454_006336.jpg,7
test_2022_eece454_006337.jpg,0
test_2022_eece454_006338.jpg,0
test_2022_eece454_006339.jpg,5
test_2022_eece454_006340.jpg,11
test_2022_eece454_006341.jpg,0
test_2022_eece454_006342.jpg,5
test_2022_eece454_006343.jpg,12
test_2022_eece454_006344.jpg,11
test_2022_eece454_006345.jpg,2
test_2022_eece454_006346.jpg,9
test_2022_eece454_006347.jpg,7
test_2022_eece454_006348.jpg,10
test_2022_eece454_006349.jpg,12
test_2022_eece454_006350.jpg,8
test_2022_eece454_006351.jpg,0
test_2022_eece454_006352.jpg,2
test_2022_eece454_006353.jpg,1
test_2022_eece454_006354.jpg,9
test_2022_eece454_006355.jpg,4
test_2022_eece454_006356.jpg,0
test_2022_eece454_006357.jpg,12
test_2022_eece454_006358.jpg,3
test_2022_eece454_006359.jpg,11
test_2022_eece454_006360.jpg,4
test_2022_eece454_006361.jpg,2
test_2022_eece454_006362.jpg,6
test_2022_eece454_006363.jpg,9
test_2022_eece454_006364.jpg,8
test_2022_eece454_006365.jpg,0
test_2022_eece454_006366.jpg,13
test_2022_eece454_006367.jpg,10
test_2022_eece454_006368.jpg,1
test_2022_eece454_006369.jpg,14
test_2022_eece454_006370.jpg,13
test_2022_eece454_006371.jpg,5
test_2022_eece454_006372.jpg,10
test_2022_eece454_006373.jpg,5
test_2022_eece454_006374.jpg,10
test_2022_eece454_006375.jpg,6
test_2022_eece454_006376.jpg,8
test_2022_eece454_006377.jpg,3
test_2022_eece454_006378.jpg,7
test_2022_eece454_006379.jpg,13
test_2022_eece454_006380.jpg,3
test_2022_eece454_006381.jpg,11
test_2022_eece454_006382.jpg,4
test_2022_eece454_006383.jpg,1
test_2022_eece454_006384.jpg,9
test_2022_eece454_006385.jpg,1
test_2022_eece454_006386.jpg,2
test_2022_eece454_006387.jpg,14
test_2022_eece454_006388.jpg,9
test_2022_eece454_006389.jpg,7
test_2022_eece454_006390.jpg,10
test_2022_eece454_006391.jpg,13
test_2022_eece454_006392.jpg,1
test_2022_eece454_006393.jpg,2
test_2022_eece454_006394.jpg,13
test_2022_eece454_006395.jpg,10
test_2022_eece454_006396.jpg,10
test_2022_eece454_006397.jpg,13
test_2022_eece454_006398.jpg,4
test_2022_eece454_006399.jpg,12
test_2022_eece454_006400.jpg,5
test_2022_eece454_006401.jpg,1
test_2022_eece454_006402.jpg,12
test_2022_eece454_006403.jpg,1
test_2022_eece454_006404.jpg,9
test_2022_eece454_006405.jpg,4
test_2022_eece454_006406.jpg,7
test_2022_eece454_006407.jpg,9
test_2022_eece454_006408.jpg,3
test_2022_eece454_006409.jpg,10
test_2022_eece454_006410.jpg,6
test_2022_eece454_006411.jpg,3
test_2022_eece454_006412.jpg,10
test_2022_eece454_006413.jpg,3
test_2022_eece454_006414.jpg,14
test_2022_eece454_006415.jpg,7
test_2022_eece454_006416.jpg,0
test_2022_eece454_006417.jpg,3
test_2022_eece454_006418.jpg,9
test_2022_eece454_006419.jpg,13
test_2022_eece454_006420.jpg,1
test_2022_eece454_006421.jpg,4
test_2022_eece454_006422.jpg,2
test_2022_eece454_006423.jpg,13
test_2022_eece454_006424.jpg,8
test_2022_eece454_006425.jpg,0
test_2022_eece454_006426.jpg,13
test_2022_eece454_006427.jpg,8
test_2022_eece454_006428.jpg,6
test_2022_eece454_006429.jpg,13
test_2022_eece454_006430.jpg,7
test_2022_eece454_006431.jpg,11
test_2022_eece454_006432.jpg,0
test_2022_eece454_006433.jpg,9
test_2022_eece454_006434.jpg,10
test_2022_eece454_006435.jpg,6
test_2022_eece454_006436.jpg,5
test_2022_eece454_006437.jpg,2
test_2022_eece454_006438.jpg,5
test_2022_eece454_006439.jpg,3
test_2022_eece454_006440.jpg,12
test_2022_eece454_006441.jpg,2
test_2022_eece454_006442.jpg,0
test_2022_eece454_006443.jpg,1
test_2022_eece454_006444.jpg,12
test_2022_eece454_006445.jpg,5
test_2022_eece454_006446.jpg,2
test_2022_eece454_006447.jpg,10
test_2022_eece454_006448.jpg,7
test_2022_eece454_006449.jpg,8
test_2022_eece454_006450.jpg,5
test_2022_eece454_006451.jpg,3
test_2022_eece454_006452.jpg,11
test_2022_eece454_006453.jpg,9
test_2022_eece454_006454.jpg,14
test_2022_eece454_006455.jpg,14
test_2022_eece454_006456.jpg,13
test_2022_eece454_006457.jpg,4
test_2022_eece454_006458.jpg,2
test_2022_eece454_006459.jpg,4
test_2022_eece454_006460.jpg,4
test_2022_eece454_006461.jpg,9
test_2022_eece454_006462.jpg,5
test_2022_eece454_006463.jpg,3
test_2022_eece454_006464.jpg,4
test_2022_eece454_006465.jpg,4
test_2022_eece454_006466.jpg,7
test_2022_eece454_006467.jpg,13
test_2022_eece454_006468.jpg,7
test_2022_eece454_006469.jpg,6
test_2022_eece454_006470.jpg,11
test_2022_eece454_006471.jpg,2
test_2022_eece454_006472.jpg,1
test_2022_eece454_006473.jpg,8
test_2022_eece454_006474.jpg,8
test_2022_eece454_006475.jpg,5
test_2022_eece454_006476.jpg,12
test_2022_eece454_006477.jpg,7
test_2022_eece454_006478.jpg,14
test_2022_eece454_006479.jpg,12
test_2022_eece454_006480.jpg,2
test_2022_eece454_006481.jpg,3
test_2022_eece454_006482.jpg,8
test_2022_eece454_006483.jpg,5
test_2022_eece454_006484.jpg,9
test_2022_eece454_006485.jpg,7
test_2022_eece454_006486.jpg,12
test_2022_eece454_006487.jpg,1
test_2022_eece454_006488.jpg,6
test_2022_eece454_006489.jpg,12
test_2022_eece454_006490.jpg,2
test_2022_eece454_006491.jpg,0
test_2022_eece454_006492.jpg,0
test_2022_eece454_006493.jpg,11
test_2022_eece454_006494.jpg,4
test_2022_eece454_006495.jpg,5
test_2022_eece454_006496.jpg,6
test_2022_eece454_006497.jpg,2
test_2022_eece454_006498.jpg,6
test_2022_eece454_006499.jpg,9
test_2022_eece454_006500.jpg,9
test_2022_eece454_006501.jpg,2
test_2022_eece454_006502.jpg,1
test_2022_eece454_006503.jpg,13
test_2022_eece454_006504.jpg,4
test_2022_eece454_006505.jpg,4
test_2022_eece454_006506.jpg,12
test_2022_eece454_006507.jpg,4
test_2022_eece454_006508.jpg,2
test_2022_eece454_006509.jpg,10
test_2022_eece454_006510.jpg,6
test_2022_eece454_006511.jpg,12
test_2022_eece454_006512.jpg,9
test_2022_eece454_006513.jpg,13
test_2022_eece454_006514.jpg,0
test_2022_eece454_006515.jpg,13
test_2022_eece454_006516.jpg,7
test_2022_eece454_006517.jpg,13
test_2022_eece454_006518.jpg,11
test_2022_eece454_006519.jpg,5
test_2022_eece454_006520.jpg,4
test_2022_eece454_006521.jpg,5
test_2022_eece454_006522.jpg,12
test_2022_eece454_006523.jpg,7
test_2022_eece454_006524.jpg,14
test_2022_eece454_006525.jpg,4
test_2022_eece454_006526.jpg,13
test_2022_eece454_006527.jpg,14
test_2022_eece454_006528.jpg,7
test_2022_eece454_006529.jpg,12
test_2022_eece454_006530.jpg,11
test_2022_eece454_006531.jpg,6
test_2022_eece454_006532.jpg,14
test_2022_eece454_006533.jpg,7
test_2022_eece454_006534.jpg,11
test_2022_eece454_006535.jpg,11
test_2022_eece454_006536.jpg,12
test_2022_eece454_006537.jpg,2
test_2022_eece454_006538.jpg,1
test_2022_eece454_006539.jpg,3
test_2022_eece454_006540.jpg,3
test_2022_eece454_006541.jpg,12
test_2022_eece454_006542.jpg,4
test_2022_eece454_006543.jpg,1
test_2022_eece454_006544.jpg,0
test_2022_eece454_006545.jpg,10
test_2022_eece454_006546.jpg,6
test_2022_eece454_006547.jpg,0
test_2022_eece454_006548.jpg,6
test_2022_eece454_006549.jpg,8
test_2022_eece454_006550.jpg,3
test_2022_eece454_006551.jpg,7
test_2022_eece454_006552.jpg,13
test_2022_eece454_006553.jpg,11
test_2022_eece454_006554.jpg,3
test_2022_eece454_006555.jpg,2
test_2022_eece454_006556.jpg,13
test_2022_eece454_006557.jpg,5
test_2022_eece454_006558.jpg,2
test_2022_eece454_006559.jpg,7
test_2022_eece454_006560.jpg,7
test_2022_eece454_006561.jpg,4
test_2022_eece454_006562.jpg,14
test_2022_eece454_006563.jpg,13
test_2022_eece454_006564.jpg,11
test_2022_eece454_006565.jpg,5
test_2022_eece454_006566.jpg,11
test_2022_eece454_006567.jpg,9
test_2022_eece454_006568.jpg,1
test_2022_eece454_006569.jpg,6
test_2022_eece454_006570.jpg,11
test_2022_eece454_006571.jpg,9
test_2022_eece454_006572.jpg,13
test_2022_eece454_006573.jpg,9
test_2022_eece454_006574.jpg,10
test_2022_eece454_006575.jpg,6
test_2022_eece454_006576.jpg,10
test_2022_eece454_006577.jpg,7
test_2022_eece454_006578.jpg,10
test_2022_eece454_006579.jpg,3
test_2022_eece454_006580.jpg,8
test_2022_eece454_006581.jpg,0
test_2022_eece454_006582.jpg,8
test_2022_eece454_006583.jpg,3
test_2022_eece454_006584.jpg,11
test_2022_eece454_006585.jpg,9
test_2022_eece454_006586.jpg,0
test_2022_eece454_006587.jpg,9
test_2022_eece454_006588.jpg,10
test_2022_eece454_006589.jpg,5
test_2022_eece454_006590.jpg,3
test_2022_eece454_006591.jpg,14
test_2022_eece454_006592.jpg,8
test_2022_eece454_006593.jpg,12
test_2022_eece454_006594.jpg,11
test_2022_eece454_006595.jpg,0
test_2022_eece454_006596.jpg,11
test_2022_eece454_006597.jpg,5
test_2022_eece454_006598.jpg,7
test_2022_eece454_006599.jpg,7
test_2022_eece454_006600.jpg,4
test_2022_eece454_006601.jpg,2
test_2022_eece454_006602.jpg,3
test_2022_eece454_006603.jpg,7
test_2022_eece454_006604.jpg,12
test_2022_eece454_006605.jpg,10
test_2022_eece454_006606.jpg,8
test_2022_eece454_006607.jpg,0
test_2022_eece454_006608.jpg,2
test_2022_eece454_006609.jpg,3
test_2022_eece454_006610.jpg,9
test_2022_eece454_006611.jpg,1
test_2022_eece454_006612.jpg,14
test_2022_eece454_006613.jpg,13
test_2022_eece454_006614.jpg,1
test_2022_eece454_006615.jpg,14
test_2022_eece454_006616.jpg,12
test_2022_eece454_006617.jpg,9
test_2022_eece454_006618.jpg,4
test_2022_eece454_006619.jpg,9
test_2022_eece454_006620.jpg,8
test_2022_eece454_006621.jpg,3
test_2022_eece454_006622.jpg,5
test_2022_eece454_006623.jpg,14
test_2022_eece454_006624.jpg,3
test_2022_eece454_006625.jpg,4
test_2022_eece454_006626.jpg,12
test_2022_eece454_006627.jpg,5
test_2022_eece454_006628.jpg,12
test_2022_eece454_006629.jpg,1
test_2022_eece454_006630.jpg,1
test_2022_eece454_006631.jpg,6
test_2022_eece454_006632.jpg,2
test_2022_eece454_006633.jpg,13
test_2022_eece454_006634.jpg,14
test_2022_eece454_006635.jpg,4
test_2022_eece454_006636.jpg,11
test_2022_eece454_006637.jpg,8
test_2022_eece454_006638.jpg,12
test_2022_eece454_006639.jpg,3
test_2022_eece454_006640.jpg,3
test_2022_eece454_006641.jpg,9
test_2022_eece454_006642.jpg,14
test_2022_eece454_006643.jpg,0
test_2022_eece454_006644.jpg,13
test_2022_eece454_006645.jpg,10
test_2022_eece454_006646.jpg,3
test_2022_eece454_006647.jpg,3
test_2022_eece454_006648.jpg,0
test_2022_eece454_006649.jpg,6
test_2022_eece454_006650.jpg,8
test_2022_eece454_006651.jpg,6
test_2022_eece454_006652.jpg,2
test_2022_eece454_006653.jpg,0
test_2022_eece454_006654.jpg,7
test_2022_eece454_006655.jpg,2
test_2022_eece454_006656.jpg,1
test_2022_eece454_006657.jpg,11
test_2022_eece454_006658.jpg,7
test_2022_eece454_006659.jpg,3
test_2022_eece454_006660.jpg,4
test_2022_eece454_006661.jpg,3
test_2022_eece454_006662.jpg,11
test_2022_eece454_006663.jpg,3
test_2022_eece454_006664.jpg,9
test_2022_eece454_006665.jpg,12
test_2022_eece454_006666.jpg,8
test_2022_eece454_006667.jpg,11
test_2022_eece454_006668.jpg,10
test_2022_eece454_006669.jpg,13
test_2022_eece454_006670.jpg,11
test_2022_eece454_006671.jpg,11
test_2022_eece454_006672.jpg,3
test_2022_eece454_006673.jpg,12
test_2022_eece454_006674.jpg,6
test_2022_eece454_006675.jpg,3
test_2022_eece454_006676.jpg,12
test_2022_eece454_006677.jpg,9
test_2022_eece454_006678.jpg,2
test_2022_eece454_006679.jpg,0
test_2022_eece454_006680.jpg,9
test_2022_eece454_006681.jpg,5
test_2022_eece454_006682.jpg,9
test_2022_eece454_006683.jpg,5
test_2022_eece454_006684.jpg,3
test_2022_eece454_006685.jpg,13
test_2022_eece454_006686.jpg,9
test_2022_eece454_006687.jpg,13
test_2022_eece454_006688.jpg,13
test_2022_eece454_006689.jpg,11
test_2022_eece454_006690.jpg,4
test_2022_eece454_006691.jpg,9
test_2022_eece454_006692.jpg,2
test_2022_eece454_006693.jpg,14
test_2022_eece454_006694.jpg,5
test_2022_eece454_006695.jpg,5
test_2022_eece454_006696.jpg,8
test_2022_eece454_006697.jpg,12
test_2022_eece454_006698.jpg,0
test_2022_eece454_006699.jpg,4
test_2022_eece454_006700.jpg,8
test_2022_eece454_006701.jpg,13
test_2022_eece454_006702.jpg,10
test_2022_eece454_006703.jpg,7
test_2022_eece454_006704.jpg,10
test_2022_eece454_006705.jpg,5
test_2022_eece454_006706.jpg,8
test_2022_eece454_006707.jpg,10
test_2022_eece454_006708.jpg,8
test_2022_eece454_006709.jpg,3
test_2022_eece454_006710.jpg,11
test_2022_eece454_006711.jpg,7
test_2022_eece454_006712.jpg,7
test_2022_eece454_006713.jpg,8
test_2022_eece454_006714.jpg,1
test_2022_eece454_006715.jpg,14
test_2022_eece454_006716.jpg,3
test_2022_eece454_006717.jpg,7
test_2022_eece454_006718.jpg,12
test_2022_eece454_006719.jpg,4
test_2022_eece454_006720.jpg,1
test_2022_eece454_006721.jpg,13
test_2022_eece454_006722.jpg,6
test_2022_eece454_006723.jpg,10
test_2022_eece454_006724.jpg,11
test_2022_eece454_006725.jpg,10
test_2022_eece454_006726.jpg,7
test_2022_eece454_006727.jpg,1
test_2022_eece454_006728.jpg,8
test_2022_eece454_006729.jpg,3
test_2022_eece454_006730.jpg,8
test_2022_eece454_006731.jpg,2
test_2022_eece454_006732.jpg,4
test_2022_eece454_006733.jpg,5
test_2022_eece454_006734.jpg,11
test_2022_eece454_006735.jpg,7
test_2022_eece454_006736.jpg,5
test_2022_eece454_006737.jpg,12
test_2022_eece454_006738.jpg,1
test_2022_eece454_006739.jpg,0
test_2022_eece454_006740.jpg,7
test_2022_eece454_006741.jpg,13
test_2022_eece454_006742.jpg,10
test_2022_eece454_006743.jpg,4
test_2022_eece454_006744.jpg,11
test_2022_eece454_006745.jpg,3
test_2022_eece454_006746.jpg,2
test_2022_eece454_006747.jpg,9
test_2022_eece454_006748.jpg,12
test_2022_eece454_006749.jpg,9
test_2022_eece454_006750.jpg,5
test_2022_eece454_006751.jpg,14
test_2022_eece454_006752.jpg,5
test_2022_eece454_006753.jpg,1
test_2022_eece454_006754.jpg,9
test_2022_eece454_006755.jpg,14
test_2022_eece454_006756.jpg,8
test_2022_eece454_006757.jpg,4
test_2022_eece454_006758.jpg,7
test_2022_eece454_006759.jpg,4
test_2022_eece454_006760.jpg,8
test_2022_eece454_006761.jpg,0
test_2022_eece454_006762.jpg,5
test_2022_eece454_006763.jpg,6
test_2022_eece454_006764.jpg,8
test_2022_eece454_006765.jpg,1
test_2022_eece454_006766.jpg,7
test_2022_eece454_006767.jpg,12
test_2022_eece454_006768.jpg,6
test_2022_eece454_006769.jpg,12
test_2022_eece454_006770.jpg,12
test_2022_eece454_006771.jpg,6
test_2022_eece454_006772.jpg,10
test_2022_eece454_006773.jpg,7
test_2022_eece454_006774.jpg,13
test_2022_eece454_006775.jpg,3
test_2022_eece454_006776.jpg,8
test_2022_eece454_006777.jpg,10
test_2022_eece454_006778.jpg,1
test_2022_eece454_006779.jpg,10
test_2022_eece454_006780.jpg,5
test_2022_eece454_006781.jpg,3
test_2022_eece454_006782.jpg,8
test_2022_eece454_006783.jpg,2
test_2022_eece454_006784.jpg,4
test_2022_eece454_006785.jpg,7
test_2022_eece454_006786.jpg,13
test_2022_eece454_006787.jpg,5
test_2022_eece454_006788.jpg,9
test_2022_eece454_006789.jpg,5
test_2022_eece454_006790.jpg,0
test_2022_eece454_006791.jpg,9
test_2022_eece454_006792.jpg,12
test_2022_eece454_006793.jpg,0
test_2022_eece454_006794.jpg,1
test_2022_eece454_006795.jpg,1
test_2022_eece454_006796.jpg,7
test_2022_eece454_006797.jpg,1
test_2022_eece454_006798.jpg,7
test_2022_eece454_006799.jpg,14
test_2022_eece454_006800.jpg,9
test_2022_eece454_006801.jpg,3
test_2022_eece454_006802.jpg,3
test_2022_eece454_006803.jpg,11
test_2022_eece454_006804.jpg,7
test_2022_eece454_006805.jpg,14
test_2022_eece454_006806.jpg,13
test_2022_eece454_006807.jpg,7
test_2022_eece454_006808.jpg,11
test_2022_eece454_006809.jpg,3
test_2022_eece454_006810.jpg,13
test_2022_eece454_006811.jpg,14
test_2022_eece454_006812.jpg,6
test_2022_eece454_006813.jpg,10
test_2022_eece454_006814.jpg,3
test_2022_eece454_006815.jpg,4
test_2022_eece454_006816.jpg,3
test_2022_eece454_006817.jpg,14
test_2022_eece454_006818.jpg,3
test_2022_eece454_006819.jpg,2
test_2022_eece454_006820.jpg,12
test_2022_eece454_006821.jpg,0
test_2022_eece454_006822.jpg,9
test_2022_eece454_006823.jpg,0
test_2022_eece454_006824.jpg,0
test_2022_eece454_006825.jpg,6
test_2022_eece454_006826.jpg,2
test_2022_eece454_006827.jpg,7
test_2022_eece454_006828.jpg,14
test_2022_eece454_006829.jpg,8
test_2022_eece454_006830.jpg,4
test_2022_eece454_006831.jpg,6
test_2022_eece454_006832.jpg,0
test_2022_eece454_006833.jpg,12
test_2022_eece454_006834.jpg,6
test_2022_eece454_006835.jpg,13
test_2022_eece454_006836.jpg,3
test_2022_eece454_006837.jpg,9
test_2022_eece454_006838.jpg,1
test_2022_eece454_006839.jpg,13
test_2022_eece454_006840.jpg,11
test_2022_eece454_006841.jpg,8
test_2022_eece454_006842.jpg,7
test_2022_eece454_006843.jpg,5
test_2022_eece454_006844.jpg,9
test_2022_eece454_006845.jpg,1
test_2022_eece454_006846.jpg,3
test_2022_eece454_006847.jpg,10
test_2022_eece454_006848.jpg,8
test_2022_eece454_006849.jpg,10
test_2022_eece454_006850.jpg,3
test_2022_eece454_006851.jpg,14
test_2022_eece454_006852.jpg,13
test_2022_eece454_006853.jpg,5
test_2022_eece454_006854.jpg,3
test_2022_eece454_006855.jpg,7
test_2022_eece454_006856.jpg,5
test_2022_eece454_006857.jpg,12
test_2022_eece454_006858.jpg,7
test_2022_eece454_006859.jpg,7
test_2022_eece454_006860.jpg,2
test_2022_eece454_006861.jpg,12
test_2022_eece454_006862.jpg,5
test_2022_eece454_006863.jpg,7
test_2022_eece454_006864.jpg,3
test_2022_eece454_006865.jpg,11
test_2022_eece454_006866.jpg,4
test_2022_eece454_006867.jpg,3
test_2022_eece454_006868.jpg,2
test_2022_eece454_006869.jpg,7
test_2022_eece454_006870.jpg,14
test_2022_eece454_006871.jpg,14
test_2022_eece454_006872.jpg,2
test_2022_eece454_006873.jpg,5
test_2022_eece454_006874.jpg,9
test_2022_eece454_006875.jpg,5
test_2022_eece454_006876.jpg,3
test_2022_eece454_006877.jpg,5
test_2022_eece454_006878.jpg,14
test_2022_eece454_006879.jpg,4
test_2022_eece454_006880.jpg,5
test_2022_eece454_006881.jpg,5
test_2022_eece454_006882.jpg,4
test_2022_eece454_006883.jpg,10
test_2022_eece454_006884.jpg,13
test_2022_eece454_006885.jpg,1
test_2022_eece454_006886.jpg,0
test_2022_eece454_006887.jpg,0
test_2022_eece454_006888.jpg,11
test_2022_eece454_006889.jpg,5
test_2022_eece454_006890.jpg,12
test_2022_eece454_006891.jpg,14
test_2022_eece454_006892.jpg,4
test_2022_eece454_006893.jpg,3
test_2022_eece454_006894.jpg,4
test_2022_eece454_006895.jpg,10
test_2022_eece454_006896.jpg,1
test_2022_eece454_006897.jpg,5
test_2022_eece454_006898.jpg,13
test_2022_eece454_006899.jpg,11
test_2022_eece454_006900.jpg,9
test_2022_eece454_006901.jpg,1
test_2022_eece454_006902.jpg,13
test_2022_eece454_006903.jpg,5
test_2022_eece454_006904.jpg,5
test_2022_eece454_006905.jpg,10
test_2022_eece454_006906.jpg,8
test_2022_eece454_006907.jpg,4
test_2022_eece454_006908.jpg,14
test_2022_eece454_006909.jpg,10
test_2022_eece454_006910.jpg,6
test_2022_eece454_006911.jpg,8
test_2022_eece454_006912.jpg,14
test_2022_eece454_006913.jpg,8
test_2022_eece454_006914.jpg,5
test_2022_eece454_006915.jpg,3
test_2022_eece454_006916.jpg,7
test_2022_eece454_006917.jpg,8
test_2022_eece454_006918.jpg,3
test_2022_eece454_006919.jpg,12
test_2022_eece454_006920.jpg,0
test_2022_eece454_006921.jpg,2
test_2022_eece454_006922.jpg,1
test_2022_eece454_006923.jpg,12
test_2022_eece454_006924.jpg,12
test_2022_eece454_006925.jpg,10
test_2022_eece454_006926.jpg,10
test_2022_eece454_006927.jpg,13
test_2022_eece454_006928.jpg,3
test_2022_eece454_006929.jpg,13
test_2022_eece454_006930.jpg,13
test_2022_eece454_006931.jpg,0
test_2022_eece454_006932.jpg,2
test_2022_eece454_006933.jpg,10
test_2022_eece454_006934.jpg,12
test_2022_eece454_006935.jpg,2
test_2022_eece454_006936.jpg,14
test_2022_eece454_006937.jpg,13
test_2022_eece454_006938.jpg,0
test_2022_eece454_006939.jpg,8
test_2022_eece454_006940.jpg,14
test_2022_eece454_006941.jpg,8
test_2022_eece454_006942.jpg,13
test_2022_eece454_006943.jpg,3
test_2022_eece454_006944.jpg,12
test_2022_eece454_006945.jpg,5
test_2022_eece454_006946.jpg,1
test_2022_eece454_006947.jpg,13
test_2022_eece454_006948.jpg,4
test_2022_eece454_006949.jpg,11
test_2022_eece454_006950.jpg,11
test_2022_eece454_006951.jpg,14
test_2022_eece454_006952.jpg,10
test_2022_eece454_006953.jpg,14
test_2022_eece454_006954.jpg,2
test_2022_eece454_006955.jpg,2
test_2022_eece454_006956.jpg,7
test_2022_eece454_006957.jpg,7
test_2022_eece454_006958.jpg,13
test_2022_eece454_006959.jpg,4
test_2022_eece454_006960.jpg,6
test_2022_eece454_006961.jpg,8
test_2022_eece454_006962.jpg,0
test_2022_eece454_006963.jpg,12
test_2022_eece454_006964.jpg,1
test_2022_eece454_006965.jpg,4
test_2022_eece454_006966.jpg,12
test_2022_eece454_006967.jpg,9
test_2022_eece454_006968.jpg,10
test_2022_eece454_006969.jpg,8
test_2022_eece454_006970.jpg,5
test_2022_eece454_006971.jpg,0
test_2022_eece454_006972.jpg,2
test_2022_eece454_006973.jpg,9
test_2022_eece454_006974.jpg,2
test_2022_eece454_006975.jpg,2
test_2022_eece454_006976.jpg,8
test_2022_eece454_006977.jpg,1
test_2022_eece454_006978.jpg,6
test_2022_eece454_006979.jpg,4
test_2022_eece454_006980.jpg,0
test_2022_eece454_006981.jpg,14
test_2022_eece454_006982.jpg,5
test_2022_eece454_006983.jpg,10
test_2022_eece454_006984.jpg,6
test_2022_eece454_006985.jpg,3
test_2022_eece454_006986.jpg,10
test_2022_eece454_006987.jpg,1
test_2022_eece454_006988.jpg,9
test_2022_eece454_006989.jpg,3
test_2022_eece454_006990.jpg,9
test_2022_eece454_006991.jpg,10
test_2022_eece454_006992.jpg,7
test_2022_eece454_006993.jpg,5
test_2022_eece454_006994.jpg,8
test_2022_eece454_006995.jpg,11
test_2022_eece454_006996.jpg,11
test_2022_eece454_006997.jpg,5
test_2022_eece454_006998.jpg,9
test_2022_eece454_006999.jpg,0
test_2022_eece454_007000.jpg,12
test_2022_eece454_007001.jpg,8
test_2022_eece454_007002.jpg,5
test_2022_eece454_007003.jpg,2
test_2022_eece454_007004.jpg,10
test_2022_eece454_007005.jpg,4
test_2022_eece454_007006.jpg,8
test_2022_eece454_007007.jpg,1
test_2022_eece454_007008.jpg,0
test_2022_eece454_007009.jpg,0
test_2022_eece454_007010.jpg,4
test_2022_eece454_007011.jpg,6
test_2022_eece454_007012.jpg,7
test_2022_eece454_007013.jpg,14
test_2022_eece454_007014.jpg,12
test_2022_eece454_007015.jpg,12
test_2022_eece454_007016.jpg,9
test_2022_eece454_007017.jpg,11
test_2022_eece454_007018.jpg,0
test_2022_eece454_007019.jpg,2
test_2022_eece454_007020.jpg,4
test_2022_eece454_007021.jpg,10
test_2022_eece454_007022.jpg,10
test_2022_eece454_007023.jpg,4
test_2022_eece454_007024.jpg,12
test_2022_eece454_007025.jpg,2
test_2022_eece454_007026.jpg,14
test_2022_eece454_007027.jpg,9
test_2022_eece454_007028.jpg,10
test_2022_eece454_007029.jpg,6
test_2022_eece454_007030.jpg,1
test_2022_eece454_007031.jpg,14
test_2022_eece454_007032.jpg,7
test_2022_eece454_007033.jpg,13
test_2022_eece454_007034.jpg,1
test_2022_eece454_007035.jpg,10
test_2022_eece454_007036.jpg,8
test_2022_eece454_007037.jpg,1
test_2022_eece454_007038.jpg,7
test_2022_eece454_007039.jpg,14
test_2022_eece454_007040.jpg,7
test_2022_eece454_007041.jpg,2
test_2022_eece454_007042.jpg,6
test_2022_eece454_007043.jpg,6
test_2022_eece454_007044.jpg,5
test_2022_eece454_007045.jpg,12
test_2022_eece454_007046.jpg,11
test_2022_eece454_007047.jpg,13
test_2022_eece454_007048.jpg,1
test_2022_eece454_007049.jpg,0
test_2022_eece454_007050.jpg,1
test_2022_eece454_007051.jpg,11
test_2022_eece454_007052.jpg,6
test_2022_eece454_007053.jpg,11
test_2022_eece454_007054.jpg,4
test_2022_eece454_007055.jpg,1
test_2022_eece454_007056.jpg,14
test_2022_eece454_007057.jpg,7
test_2022_eece454_007058.jpg,4
test_2022_eece454_007059.jpg,11
test_2022_eece454_007060.jpg,5
test_2022_eece454_007061.jpg,0
test_2022_eece454_007062.jpg,8
test_2022_eece454_007063.jpg,8
test_2022_eece454_007064.jpg,8
test_2022_eece454_007065.jpg,1
test_2022_eece454_007066.jpg,11
test_2022_eece454_007067.jpg,7
test_2022_eece454_007068.jpg,13
test_2022_eece454_007069.jpg,5
test_2022_eece454_007070.jpg,6
test_2022_eece454_007071.jpg,14
test_2022_eece454_007072.jpg,13
test_2022_eece454_007073.jpg,1
test_2022_eece454_007074.jpg,7
test_2022_eece454_007075.jpg,5
test_2022_eece454_007076.jpg,8
test_2022_eece454_007077.jpg,7
test_2022_eece454_007078.jpg,6
test_2022_eece454_007079.jpg,11
test_2022_eece454_007080.jpg,5
test_2022_eece454_007081.jpg,14
test_2022_eece454_007082.jpg,14
test_2022_eece454_007083.jpg,13
test_2022_eece454_007084.jpg,11
test_2022_eece454_007085.jpg,14
test_2022_eece454_007086.jpg,1
test_2022_eece454_007087.jpg,1
test_2022_eece454_007088.jpg,14
test_2022_eece454_007089.jpg,4
test_2022_eece454_007090.jpg,9
test_2022_eece454_007091.jpg,4
test_2022_eece454_007092.jpg,13
test_2022_eece454_007093.jpg,7
test_2022_eece454_007094.jpg,4
test_2022_eece454_007095.jpg,14
test_2022_eece454_007096.jpg,9
test_2022_eece454_007097.jpg,12
test_2022_eece454_007098.jpg,5
test_2022_eece454_007099.jpg,3
test_2022_eece454_007100.jpg,8
test_2022_eece454_007101.jpg,4
test_2022_eece454_007102.jpg,7
test_2022_eece454_007103.jpg,1
test_2022_eece454_007104.jpg,9
test_2022_eece454_007105.jpg,8
test_2022_eece454_007106.jpg,7
test_2022_eece454_007107.jpg,9
test_2022_eece454_007108.jpg,7
test_2022_eece454_007109.jpg,5
test_2022_eece454_007110.jpg,3
test_2022_eece454_007111.jpg,11
test_2022_eece454_007112.jpg,7
test_2022_eece454_007113.jpg,5
test_2022_eece454_007114.jpg,9
test_2022_eece454_007115.jpg,10
test_2022_eece454_007116.jpg,13
test_2022_eece454_007117.jpg,8
test_2022_eece454_007118.jpg,0
test_2022_eece454_007119.jpg,6
test_2022_eece454_007120.jpg,3
test_2022_eece454_007121.jpg,4
test_2022_eece454_007122.jpg,12
test_2022_eece454_007123.jpg,5
test_2022_eece454_007124.jpg,7
test_2022_eece454_007125.jpg,12
test_2022_eece454_007126.jpg,7
test_2022_eece454_007127.jpg,5
test_2022_eece454_007128.jpg,10
test_2022_eece454_007129.jpg,12
test_2022_eece454_007130.jpg,8
test_2022_eece454_007131.jpg,9
test_2022_eece454_007132.jpg,13
test_2022_eece454_007133.jpg,13
test_2022_eece454_007134.jpg,7
test_2022_eece454_007135.jpg,7
test_2022_eece454_007136.jpg,13
test_2022_eece454_007137.jpg,9
test_2022_eece454_007138.jpg,1
test_2022_eece454_007139.jpg,6
test_2022_eece454_007140.jpg,12
test_2022_eece454_007141.jpg,10
test_2022_eece454_007142.jpg,4
test_2022_eece454_007143.jpg,6
test_2022_eece454_007144.jpg,3
test_2022_eece454_007145.jpg,6
test_2022_eece454_007146.jpg,10
test_2022_eece454_007147.jpg,0
test_2022_eece454_007148.jpg,9
test_2022_eece454_007149.jpg,7
test_2022_eece454_007150.jpg,10
test_2022_eece454_007151.jpg,9
test_2022_eece454_007152.jpg,13
test_2022_eece454_007153.jpg,3
test_2022_eece454_007154.jpg,5
test_2022_eece454_007155.jpg,14
test_2022_eece454_007156.jpg,6
test_2022_eece454_007157.jpg,11
test_2022_eece454_007158.jpg,4
test_2022_eece454_007159.jpg,13
test_2022_eece454_007160.jpg,2
test_2022_eece454_007161.jpg,9
test_2022_eece454_007162.jpg,11
test_2022_eece454_007163.jpg,13
test_2022_eece454_007164.jpg,8
test_2022_eece454_007165.jpg,5
test_2022_eece454_007166.jpg,12
test_2022_eece454_007167.jpg,14
test_2022_eece454_007168.jpg,14
test_2022_eece454_007169.jpg,11
test_2022_eece454_007170.jpg,5
test_2022_eece454_007171.jpg,6
test_2022_eece454_007172.jpg,7
test_2022_eece454_007173.jpg,3
test_2022_eece454_007174.jpg,9
test_2022_eece454_007175.jpg,2
test_2022_eece454_007176.jpg,11
test_2022_eece454_007177.jpg,5
test_2022_eece454_007178.jpg,12
test_2022_eece454_007179.jpg,1
test_2022_eece454_007180.jpg,6
test_2022_eece454_007181.jpg,0
test_2022_eece454_007182.jpg,4
test_2022_eece454_007183.jpg,5
test_2022_eece454_007184.jpg,8
test_2022_eece454_007185.jpg,0
test_2022_eece454_007186.jpg,12
test_2022_eece454_007187.jpg,7
test_2022_eece454_007188.jpg,8
test_2022_eece454_007189.jpg,3
test_2022_eece454_007190.jpg,3
test_2022_eece454_007191.jpg,0
test_2022_eece454_007192.jpg,8
test_2022_eece454_007193.jpg,6
test_2022_eece454_007194.jpg,0
test_2022_eece454_007195.jpg,5
test_2022_eece454_007196.jpg,14
test_2022_eece454_007197.jpg,5
test_2022_eece454_007198.jpg,9
test_2022_eece454_007199.jpg,5
test_2022_eece454_007200.jpg,0
test_2022_eece454_007201.jpg,8
test_2022_eece454_007202.jpg,3
test_2022_eece454_007203.jpg,12
test_2022_eece454_007204.jpg,4
test_2022_eece454_007205.jpg,10
test_2022_eece454_007206.jpg,6
test_2022_eece454_007207.jpg,0
test_2022_eece454_007208.jpg,11
test_2022_eece454_007209.jpg,7
test_2022_eece454_007210.jpg,4
test_2022_eece454_007211.jpg,5
test_2022_eece454_007212.jpg,11
test_2022_eece454_007213.jpg,8
test_2022_eece454_007214.jpg,7
test_2022_eece454_007215.jpg,5
test_2022_eece454_007216.jpg,8
test_2022_eece454_007217.jpg,7
test_2022_eece454_007218.jpg,12
test_2022_eece454_007219.jpg,14
test_2022_eece454_007220.jpg,14
test_2022_eece454_007221.jpg,13
test_2022_eece454_007222.jpg,7
test_2022_eece454_007223.jpg,10
test_2022_eece454_007224.jpg,2
test_2022_eece454_007225.jpg,10
test_2022_eece454_007226.jpg,13
test_2022_eece454_007227.jpg,13
test_2022_eece454_007228.jpg,11
test_2022_eece454_007229.jpg,3
test_2022_eece454_007230.jpg,7
test_2022_eece454_007231.jpg,10
test_2022_eece454_007232.jpg,11
test_2022_eece454_007233.jpg,10
test_2022_eece454_007234.jpg,14
test_2022_eece454_007235.jpg,8
test_2022_eece454_007236.jpg,14
test_2022_eece454_007237.jpg,14
test_2022_eece454_007238.jpg,1
test_2022_eece454_007239.jpg,4
test_2022_eece454_007240.jpg,2
test_2022_eece454_007241.jpg,9
test_2022_eece454_007242.jpg,14
test_2022_eece454_007243.jpg,9
test_2022_eece454_007244.jpg,12
test_2022_eece454_007245.jpg,2
test_2022_eece454_007246.jpg,12
test_2022_eece454_007247.jpg,13
test_2022_eece454_007248.jpg,8
test_2022_eece454_007249.jpg,13
test_2022_eece454_007250.jpg,14
test_2022_eece454_007251.jpg,11
test_2022_eece454_007252.jpg,6
test_2022_eece454_007253.jpg,1
test_2022_eece454_007254.jpg,14
test_2022_eece454_007255.jpg,6
test_2022_eece454_007256.jpg,8
test_2022_eece454_007257.jpg,6
test_2022_eece454_007258.jpg,1
test_2022_eece454_007259.jpg,7
test_2022_eece454_007260.jpg,6
test_2022_eece454_007261.jpg,3
test_2022_eece454_007262.jpg,9
test_2022_eece454_007263.jpg,10
test_2022_eece454_007264.jpg,0
test_2022_eece454_007265.jpg,9
test_2022_eece454_007266.jpg,7
test_2022_eece454_007267.jpg,7
test_2022_eece454_007268.jpg,10
test_2022_eece454_007269.jpg,14
test_2022_eece454_007270.jpg,0
test_2022_eece454_007271.jpg,11
test_2022_eece454_007272.jpg,13
test_2022_eece454_007273.jpg,13
test_2022_eece454_007274.jpg,6
test_2022_eece454_007275.jpg,6
test_2022_eece454_007276.jpg,7
test_2022_eece454_007277.jpg,5
test_2022_eece454_007278.jpg,6
test_2022_eece454_007279.jpg,8
test_2022_eece454_007280.jpg,12
test_2022_eece454_007281.jpg,13
test_2022_eece454_007282.jpg,14
test_2022_eece454_007283.jpg,1
test_2022_eece454_007284.jpg,5
test_2022_eece454_007285.jpg,12
test_2022_eece454_007286.jpg,2
test_2022_eece454_007287.jpg,3
test_2022_eece454_007288.jpg,4
test_2022_eece454_007289.jpg,7
test_2022_eece454_007290.jpg,14
test_2022_eece454_007291.jpg,13
test_2022_eece454_007292.jpg,7
test_2022_eece454_007293.jpg,5
test_2022_eece454_007294.jpg,4
test_2022_eece454_007295.jpg,0
test_2022_eece454_007296.jpg,3
test_2022_eece454_007297.jpg,11
test_2022_eece454_007298.jpg,14
test_2022_eece454_007299.jpg,11
test_2022_eece454_007300.jpg,4
test_2022_eece454_007301.jpg,4
test_2022_eece454_007302.jpg,1
test_2022_eece454_007303.jpg,10
test_2022_eece454_007304.jpg,1
test_2022_eece454_007305.jpg,14
test_2022_eece454_007306.jpg,13
test_2022_eece454_007307.jpg,11
test_2022_eece454_007308.jpg,12
test_2022_eece454_007309.jpg,9
test_2022_eece454_007310.jpg,13
test_2022_eece454_007311.jpg,13
test_2022_eece454_007312.jpg,9
test_2022_eece454_007313.jpg,0
test_2022_eece454_007314.jpg,5
test_2022_eece454_007315.jpg,14
test_2022_eece454_007316.jpg,11
test_2022_eece454_007317.jpg,14
test_2022_eece454_007318.jpg,5
test_2022_eece454_007319.jpg,7
test_2022_eece454_007320.jpg,0
test_2022_eece454_007321.jpg,13
test_2022_eece454_007322.jpg,1
test_2022_eece454_007323.jpg,8
test_2022_eece454_007324.jpg,6
test_2022_eece454_007325.jpg,3
test_2022_eece454_007326.jpg,7
test_2022_eece454_007327.jpg,11
test_2022_eece454_007328.jpg,3
test_2022_eece454_007329.jpg,3
test_2022_eece454_007330.jpg,8
test_2022_eece454_007331.jpg,13
test_2022_eece454_007332.jpg,7
test_2022_eece454_007333.jpg,12
test_2022_eece454_007334.jpg,13
test_2022_eece454_007335.jpg,6
test_2022_eece454_007336.jpg,6
test_2022_eece454_007337.jpg,4
test_2022_eece454_007338.jpg,0
test_2022_eece454_007339.jpg,11
test_2022_eece454_007340.jpg,1
test_2022_eece454_007341.jpg,2
test_2022_eece454_007342.jpg,5
test_2022_eece454_007343.jpg,13
test_2022_eece454_007344.jpg,13
test_2022_eece454_007345.jpg,1
test_2022_eece454_007346.jpg,5
test_2022_eece454_007347.jpg,12
test_2022_eece454_007348.jpg,5
test_2022_eece454_007349.jpg,11
test_2022_eece454_007350.jpg,5
test_2022_eece454_007351.jpg,7
test_2022_eece454_007352.jpg,8
test_2022_eece454_007353.jpg,3
test_2022_eece454_007354.jpg,2
test_2022_eece454_007355.jpg,12
test_2022_eece454_007356.jpg,3
test_2022_eece454_007357.jpg,2
test_2022_eece454_007358.jpg,8
test_2022_eece454_007359.jpg,6
test_2022_eece454_007360.jpg,6
test_2022_eece454_007361.jpg,2
test_2022_eece454_007362.jpg,7
test_2022_eece454_007363.jpg,1
test_2022_eece454_007364.jpg,8
test_2022_eece454_007365.jpg,2
test_2022_eece454_007366.jpg,0
test_2022_eece454_007367.jpg,11
test_2022_eece454_007368.jpg,10
test_2022_eece454_007369.jpg,13
test_2022_eece454_007370.jpg,14
test_2022_eece454_007371.jpg,0
test_2022_eece454_007372.jpg,10
test_2022_eece454_007373.jpg,2
test_2022_eece454_007374.jpg,1
test_2022_eece454_007375.jpg,11
test_2022_eece454_007376.jpg,6
test_2022_eece454_007377.jpg,12
test_2022_eece454_007378.jpg,3
test_2022_eece454_007379.jpg,0
test_2022_eece454_007380.jpg,14
test_2022_eece454_007381.jpg,8
test_2022_eece454_007382.jpg,11
test_2022_eece454_007383.jpg,2
test_2022_eece454_007384.jpg,2
test_2022_eece454_007385.jpg,14
test_2022_eece454_007386.jpg,1
test_2022_eece454_007387.jpg,9
test_2022_eece454_007388.jpg,14
test_2022_eece454_007389.jpg,8
test_2022_eece454_007390.jpg,0
test_2022_eece454_007391.jpg,13
test_2022_eece454_007392.jpg,11
test_2022_eece454_007393.jpg,11
test_2022_eece454_007394.jpg,11
test_2022_eece454_007395.jpg,5
test_2022_eece454_007396.jpg,8
test_2022_eece454_007397.jpg,0
test_2022_eece454_007398.jpg,13
test_2022_eece454_007399.jpg,9
test_2022_eece454_007400.jpg,14
test_2022_eece454_007401.jpg,9
test_2022_eece454_007402.jpg,7
test_2022_eece454_007403.jpg,1
test_2022_eece454_007404.jpg,6
test_2022_eece454_007405.jpg,6
test_2022_eece454_007406.jpg,13
test_2022_eece454_007407.jpg,2
test_2022_eece454_007408.jpg,5
test_2022_eece454_007409.jpg,9
test_2022_eece454_007410.jpg,4
test_2022_eece454_007411.jpg,3
test_2022_eece454_007412.jpg,13
test_2022_eece454_007413.jpg,13
test_2022_eece454_007414.jpg,0
test_2022_eece454_007415.jpg,7
test_2022_eece454_007416.jpg,11
test_2022_eece454_007417.jpg,10
test_2022_eece454_007418.jpg,13
test_2022_eece454_007419.jpg,11
test_2022_eece454_007420.jpg,13
test_2022_eece454_007421.jpg,3
test_2022_eece454_007422.jpg,10
test_2022_eece454_007423.jpg,7
test_2022_eece454_007424.jpg,11
test_2022_eece454_007425.jpg,4
test_2022_eece454_007426.jpg,8
test_2022_eece454_007427.jpg,6
test_2022_eece454_007428.jpg,3
test_2022_eece454_007429.jpg,6
test_2022_eece454_007430.jpg,6
test_2022_eece454_007431.jpg,6
test_2022_eece454_007432.jpg,5
test_2022_eece454_007433.jpg,5
test_2022_eece454_007434.jpg,8
test_2022_eece454_007435.jpg,9
test_2022_eece454_007436.jpg,6
test_2022_eece454_007437.jpg,14
test_2022_eece454_007438.jpg,2
test_2022_eece454_007439.jpg,11
test_2022_eece454_007440.jpg,2
test_2022_eece454_007441.jpg,4
test_2022_eece454_007442.jpg,10
test_2022_eece454_007443.jpg,5
test_2022_eece454_007444.jpg,3
test_2022_eece454_007445.jpg,8
test_2022_eece454_007446.jpg,8
test_2022_eece454_007447.jpg,5
test_2022_eece454_007448.jpg,5
test_2022_eece454_007449.jpg,8
test_2022_eece454_007450.jpg,10
test_2022_eece454_007451.jpg,7
test_2022_eece454_007452.jpg,12
test_2022_eece454_007453.jpg,6
test_2022_eece454_007454.jpg,13
test_2022_eece454_007455.jpg,14
test_2022_eece454_007456.jpg,7
test_2022_eece454_007457.jpg,4
test_2022_eece454_007458.jpg,13
test_2022_eece454_007459.jpg,14
test_2022_eece454_007460.jpg,3
test_2022_eece454_007461.jpg,3
test_2022_eece454_007462.jpg,5
test_2022_eece454_007463.jpg,7
test_2022_eece454_007464.jpg,9
test_2022_eece454_007465.jpg,10
test_2022_eece454_007466.jpg,7
test_2022_eece454_007467.jpg,8
test_2022_eece454_007468.jpg,9
test_2022_eece454_007469.jpg,6
test_2022_eece454_007470.jpg,4
test_2022_eece454_007471.jpg,0
test_2022_eece454_007472.jpg,12
test_2022_eece454_007473.jpg,8
test_2022_eece454_007474.jpg,6
test_2022_eece454_007475.jpg,12
test_2022_eece454_007476.jpg,2
test_2022_eece454_007477.jpg,5
test_2022_eece454_007478.jpg,2
test_2022_eece454_007479.jpg,2
test_2022_eece454_007480.jpg,11
test_2022_eece454_007481.jpg,5
test_2022_eece454_007482.jpg,2
test_2022_eece454_007483.jpg,12
test_2022_eece454_007484.jpg,0
test_2022_eece454_007485.jpg,3
test_2022_eece454_007486.jpg,7
test_2022_eece454_007487.jpg,1
test_2022_eece454_007488.jpg,3
test_2022_eece454_007489.jpg,14
test_2022_eece454_007490.jpg,11
test_2022_eece454_007491.jpg,8
test_2022_eece454_007492.jpg,5
test_2022_eece454_007493.jpg,8
test_2022_eece454_007494.jpg,5
test_2022_eece454_007495.jpg,7
test_2022_eece454_007496.jpg,9
test_2022_eece454_007497.jpg,9
test_2022_eece454_007498.jpg,8
test_2022_eece454_007499.jpg,4
